ResponseId,BA.Pre.Question,Ca.Pre.Question,Fa.Pre.Question,Ea.Pre.Question,AA.Question,Da.Question,TiredBlocked,MentallyExhaustingBlocked,DifficultBlocked,BoringBlocked,RememberAnswersBlocked,MemoryAnswersBlocked,HelpingToLearnBlocked,LearnAnswersBlocked,ClassStructureBlocked,FamiliarBlocked,NewBlocked,StudyHabitsBlocked,TiredInterleaved,MentallyExhaustingInterleaved,DifficultInterleaved,BoringInterleaved,RememberAnswersInterleaved,MemoryAnswersInterleaved,HelpingToLearnInterleaved,LearnAnswersInterleaved,ClassStructureInterleaved,FamiliarInterleaved,NewInterleaved,StudyHabitsInterleaved,CompareMentalEffort,CompareRememberAnswers,CompareEffectiveYou,CompareEffectiveAveragePerson,CompareHarderForOthers,CompareYouStudyFuture,CompareEnjoyable,CompareHarder,CompareClassStructure,CompareFamiliar,CompareNewer,CompareMatchHabits,ChooseActivity,Gender,Age,HispanicLatino,Race,NativeLang,Edu,id
R_1Q9NMNWSUQSFWYi,Jay / Magpie,Oriole,Wood Warbler,Tyrant flycatcher,Finch,Sparrow,2,2,2,3,4,4,4,4,1,1,1,1,2,2,3,2,5,5,5,5,2,2,3,2,5,5,5,4,3,5,5,2,5,5,3,4,Interleaved,Male,18-24,DTS,White,Russian,High school diploma,30527
R_3m8CJ065ZCtzBEL,Finch,Oriole,Sparrow,Tyrant flycatcher,Finch,Sparrow,3,3,2,5,4,4,5,4,4,2,2,3,5,5,5,5,2,2,2,2,3,3,4,3,5,1,1,1,6,1,1,6,5,4,2,4,Blocked,Female,18-24,No,Asian,English,Some college,30976
R_2wESlGakiBjGlSb,Jay / Magpie,Oriole,Wood Warbler,Sparrow,Finch,Sparrow,3,3,2,6,6,6,5,5,3,5,5,4,4,4,2,6,6,6,5,6,3,2,4,2,6,1,1,1,6,1,1,5,6,1,6,1,Blocked,Female,18-24,No,White,English,Some college,30930
R_1lmKqHzVZYNrA5L,Jay / Magpie,Finch,Sparrow,Tyrant flycatcher,Finch,Sparrow,4,2,1,5,4,4,3,4,1,2,2,3,3,2,4,5,4,3,3,4,2,2,3,3,6,4,2,1,5,3,4,5,2,2,5,3,Interleaved,Female,18-24,No,White,English,Some college,30933
R_2Xo0gLo3d55u099,Finch,Oriole,Wood Warbler,Sparrow,Finch,Tyrant flycatcher,1,1,3,1,4,3,5,4,2,4,2,2,4,4,3,1,2,1,2,1,2,5,6,4,6,1,1,1,6,1,1,6,1,1,6,1,Blocked,Male,18-24,No,White,English,Some college,30404
R_dhYXIMXhkwCuw49,Oriole,Oriole,Tyrant flycatcher,Tyrant flycatcher,Finch,Sparrow,1,1,1,4,4,3,3,3,1,1,1,3,1,1,1,5,4,4,3,3,2,3,5,3,5,4,4,3,4,3,3,3,3,2,4,3,Blocked,Male,18-24,No,White,English,Some college,30963
R_2y1p14NENg9vxfZ,Jay / Magpie,Oriole,Wood Warbler,Tyrant flycatcher,Finch,Sparrow,1,1,2,3,3,4,5,3,3,2,2,3,1,1,1,2,3,4,3,4,3,3,4,4,5,1,1,2,5,2,5,6,2,5,2,2,Blocked,Male,18-24,No,White,English,Some college,30994
R_1MLhAQ6ebgglM3k,Oriole,Oriole,Sparrow,Sparrow,Finch,Tyrant flycatcher,4,4,4,4,3,3,2,2,4,3,3,4,5,5,5,5,1,1,1,1,3,2,3,3,6,1,1,1,6,1,1,6,3,2,5,2,Blocked,Female,18-24,No,White,English,Some college,31098
R_1QDGoSH7yuQXckf,Finch,Oriole,Sparrow,Sparrow,Finch,Tyrant flycatcher,2,1,1,3,4,3,3,2,5,4,4,5,6,6,5,6,4,4,4,5,1,1,2,2,6,6,6,6,6,6,1,6,1,1,6,1,Interleaved,Male,18-24,No,White,English,Some college,30417
R_11d6rgamDobRNc1,Finch,Oriole,Wood Warbler,Tyrant flycatcher,Finch,Sparrow,3,3,2,5,3,1,2,1,2,1,2,2,6,6,6,6,1,1,1,1,1,2,4,1,6,1,2,1,6,1,1,6,3,1,6,3,Blocked,Female,18-24,No,White,English,Some college,27621
R_3lKCaeddAgVK5B5,Jay / Magpie,Oriole,Wood Warbler,Tyrant flycatcher,Finch,Sparrow,1,1,1,4,3,4,3,3,1,1,1,1,1,1,1,4,3,4,3,3,1,1,2,1,6,1,1,1,6,1,1,6,1,1,6,4,Blocked,Female,18-24,No,Black,English,High school diploma,31147
R_b3dylQahe47vDEJ,Finch,Oriole,Wood Warbler,Tyrant flycatcher,Finch,Sparrow,2,2,2,4,5,4,4,5,4,3,2,3,5,5,5,5,4,3,3,3,4,4,5,4,5,1,2,2,5,1,2,6,5,4,2,4,Blocked,Male,18-24,No,White,English,High school diploma,31121
R_OedHE1xZYRoFG6Z,Finch,Oriole,Wood Warbler,Sparrow,Finch,Sparrow,4,4,2,4,3,4,3,5,4,4,5,4,6,6,5,4,2,3,3,3,5,2,3,4,6,1,1,1,6,1,1,6,3,3,5,3,Blocked,Female,18-24,No,Asian,English,Some college,30515
R_1FOZZS0whFgycqP,Finch,Oriole,Wood Warbler,Tyrant flycatcher,Finch,Sparrow,2,2,2,3,4,3,5,4,2,3,2,3,4,3,3,3,3,3,3,2,4,3,4,4,5,5,3,1,6,2,2,4,4,4,3,4,Interleaved,Male,18-24,No,Asian and White,English,High school diploma,14926
R_3lrghperLovXAuU,Finch,Oriole,Sparrow,Sparrow,Finch,Sparrow,1,1,2,1,3,3,4,3,4,4,5,3,1,1,1,2,2,2,2,2,3,3,5,2,6,1,1,1,6,1,1,6,1,1,6,1,Blocked,Female,18-24,No,White,English,Some college,31026
R_yJeHmzL1XCPRQzv,Jay / Magpie,Finch,Sparrow,Sparrow,Finch,Sparrow,3,4,3,3,2,4,3,3,2,1,4,2,5,6,5,3,2,2,2,2,3,1,2,1,6,1,2,2,5,2,3,5,2,2,5,2,Blocked,Male,35-44,No,White,English,Some college,30495
R_3McFLX2Z2v75hy1,Jay / Magpie,Oriole,Wood Warbler,Tyrant flycatcher,Finch,Sparrow,4,2,2,4,4,4,5,5,2,3,4,3,4,4,4,6,3,3,3,4,2,2,5,2,6,3,2,2,4,2,3,5,2,3,4,2,Blocked,Male,18-24,No,White,English,Some college,30576
R_1joAJm4d98rVFti,Finch,Oriole,Sparrow,Sparrow,Jay / Magpie,Wood Warbler,2,2,4,4,2,1,3,3,4,6,3,3,4,3,5,5,2,2,2,3,3,4,5,3,6,2,3,2,5,2,2,5,3,3,5,2,Blocked,Female,18-24,No,White,English,Some college,31464
R_1qg4J5lABHak7by,Jay / Magpie,Oriole,Wood Warbler,Sparrow,Finch,Sparrow,1,3,1,3,4,3,4,3,2,3,2,1,3,2,1,2,3,3,4,4,2,3,4,4,2,4,5,2,5,5,6,1,2,6,1,6,Interleaved,Male,18-24,No,White,English,Some college,30409
R_BWZ3SnHVTcAU3pn,Finch,Oriole,Sparrow,Wood Warbler,Finch,Sparrow,6,5,2,5,4,4,4,3,5,5,2,3,6,6,6,6,1,3,3,2,5,4,3,3,6,2,1,2,5,2,2,6,5,2,3,2,Blocked,Female,18-24,Yes,American Indian or Alaska Native,English,High school diploma,30944
R_331OkcFIBWG2ibk,Oriole,Jay / Magpie,Sparrow,Sparrow,Oriole,Sparrow,3,3,4,2,2,2,2,2,2,1,2,2,2,2,3,2,2,2,3,2,2,1,3,2,2,1,1,1,1,1,1,6,1,1,6,1,Blocked,Female,18-24,No,Asian,Chinese,High school diploma,31460
R_vvEr1bOTF4IPnYB,Oriole,Oriole,Wood Warbler,Tyrant flycatcher,Finch,Sparrow,2,4,4,2,4,4,4,4,2,2,2,2,2,3,3,2,5,5,5,5,2,2,3,2,5,5,5,3,4,5,5,4,2,2,5,3,Interleaved,Male,18-24,No,White,English,High school diploma,31167
R_3Em9IqjM546FXKh,Jay / Magpie,Oriole,Sparrow,Tyrant flycatcher,Finch,Sparrow,2,2,1,2,3,3,2,2,2,1,1,2,1,1,4,4,2,1,1,1,1,1,6,1,5,1,1,1,6,1,1,6,1,1,6,1,Blocked,Male,18-24,No,White,English,Some college,30911
R_25T4eUaVlXShhsV,Finch,Oriole,Sparrow,Tyrant flycatcher,Finch,Sparrow,3,2,2,5,3,3,4,3,5,4,4,5,3,4,4,6,2,1,2,2,4,2,4,4,6,2,2,1,6,1,1,6,5,2,3,4,Blocked,Male,18-24,No,Asian,English,High school diploma,31052
R_3dQWeWLkFmIuOsh,Jay / Magpie,Oriole,Wood Warbler,Tyrant flycatcher,Oriole,Wood Warbler,2,2,2,3,4,4,4,4,4,5,5,5,5,5,5,4,3,2,2,2,2,2,3,2,6,1,1,1,6,1,1,6,2,1,6,1,Blocked,Female,18-24,No,White,English,Some college,30420
R_3fPh0iPifoouexV,Finch,Oriole,Sparrow,Tyrant flycatcher,Finch,Sparrow,1,1,1,6,4,4,6,5,4,2,3,3,4,3,3,5,4,4,4,4,2,2,5,2,6,1,1,1,6,1,1,6,1,1,5,4,Blocked,Female,18-24,No,White,English,Some college,30551
R_3fTWgXknKDkvXd3,Jay / Magpie,Oriole,Wood Warbler,Tyrant flycatcher,Finch,Sparrow,1,1,1,3,5,5,5,5,5,5,5,4,4,2,4,4,2,2,2,2,3,2,3,2,6,1,1,1,6,1,2,6,3,2,4,2,Blocked,Female,18-24,No,White,English,Some college,31112
R_2cc1J3buGCFwHuk,Finch,Oriole,Sparrow,Wood Warbler,Finch,Tyrant flycatcher,6,4,2,6,4,5,4,6,3,6,3,5,3,3,4,4,3,2,3,3,4,4,5,4,6,1,1,1,6,1,6,6,6,1,1,1,Blocked,Male,18-24,No,White,English,Some college,30577
R_3lQPqHArMD1qg5v,Oriole,Oriole,Sparrow,Tyrant flycatcher,Finch,Sparrow,6,5,5,4,1,3,3,3,4,4,1,4,4,5,6,5,5,4,4,4,5,4,4,4,6,2,3,2,5,3,6,5,3,3,5,3,Blocked,Female,18-24,DTS,Asian,DTS,Some high school,31480
R_2YxoCbzHuuuIVuO,Jay / Magpie,Oriole,Wood Warbler,Sparrow,Finch,Sparrow,1,1,1,3,5,5,5,5,3,2,3,2,1,1,3,3,3,4,2,2,2,1,3,1,5,1,1,1,6,1,1,6,2,2,5,2,Blocked,Female,18-24,No,White,English,Some college,30459
R_2Ec5VHOEiKt2F0f,Jay / Magpie,Oriole,Sparrow,Sparrow,Finch,Sparrow,6,6,1,5,2,2,3,1,1,1,1,1,6,6,6,6,2,1,1,1,1,1,2,1,6,1,1,1,6,1,1,6,1,1,6,1,Blocked,Female,18-24,No,Asian,English and Tamil,High school diploma,31136
R_RQtqH3xtGf2krGV,Finch,Oriole,Wood Warbler,Tyrant flycatcher,Finch,Wood Warbler,3,3,3,2,5,4,4,5,2,2,2,2,4,4,2,2,3,3,4,4,3,1,2,2,6,1,1,1,6,1,1,6,2,1,5,3,Blocked,Male,18-24,No,White,English and Russian,High school diploma,31003
R_1rIWmzPfzFsow8m,Jay / Magpie,Oriole,Sparrow,Tyrant flycatcher,Finch,Sparrow,3,2,1,4,5,4,4,4,3,3,3,3,3,3,3,4,3,3,2,3,2,3,5,3,5,2,2,3,5,2,2,5,3,4,2,4,Blocked,Female,18-24,No,White,English,Some college,31172
R_559ZEaEpbTFSDPX,Jay / Magpie,Oriole,Sparrow,Tyrant flycatcher,Finch,Sparrow,4,4,4,4,2,4,4,5,2,3,3,3,5,4,4,4,4,4,3,3,3,3,4,4,5,2,2,2,6,2,2,5,2,2,5,2,Blocked,Male,18-24,No,White,English,Some college,30592
R_1o1LBIBWeDDgpT6,Oriole,Finch,Wood Warbler,Tyrant flycatcher,Finch,Sparrow,4,4,2,4,5,5,5,4,4,5,3,4,5,5,5,4,4,4,5,4,4,4,4,4,5,5,6,5,3,6,4,3,4,2,4,3,Interleaved,Female,18-24,No,White,English,Some college,31067
R_XXP0kcd1h4WyCRP,Oriole,Oriole,Wood Warbler,Tyrant flycatcher,Finch,Tyrant flycatcher,3,1,2,6,2,2,2,2,2,2,3,1,5,5,4,6,2,2,1,1,1,1,3,1,5,2,1,1,6,3,1,6,3,3,4,3,Blocked,Male,18-24,No,White,English,Some college,30943
R_3EintrKNfy9IOJ2,Finch,Finch,Sparrow,Tyrant flycatcher,Finch,Sparrow,4,4,4,5,4,5,5,4,3,2,3,3,5,5,5,6,4,4,4,3,3,2,3,3,1,1,1,2,6,1,2,5,3,3,4,3,Blocked,Female,18-24,No,White,English,Some college,31524
R_1dMHXZzBEkbobYI,Jay / Magpie,Oriole,Wood Warbler,Tyrant flycatcher,Finch,Sparrow,1,4,1,6,3,3,2,3,4,5,5,3,2,4,2,3,4,4,4,4,1,2,3,4,2,5,5,4,2,5,5,2,2,5,2,5,Interleaved,Female,18-24,No,White,English,Some college,31001
R_1gd7rtbZX218Xy1,Finch,Oriole,Tyrant flycatcher,Tyrant flycatcher,Jay / Magpie,Sparrow,4,4,2,6,2,2,1,1,4,3,4,4,5,5,3,6,2,3,2,2,3,3,4,3,2,6,6,4,2,6,6,1,1,1,6,2,Interleaved,Male,18-24,No,White,English,Some college,31491
R_0lA9TTBYdTmGMhz,Jay / Magpie,Oriole,Sparrow,Tyrant flycatcher,Finch,Sparrow,2,1,1,3,5,4,4,4,2,1,1,1,3,2,3,3,3,4,2,3,1,1,2,1,6,2,2,2,5,2,3,5,3,3,4,3,Blocked,Male,18-24,No,Black  and White,English,Some college,30607
R_2P89rZkKzEE4ysC,Jay / Magpie,Oriole,Sparrow,Sparrow,Finch,Sparrow,6,5,6,6,3,3,2,2,3,1,5,3,6,6,6,6,1,1,1,1,1,1,6,1,6,1,1,1,6,1,1,6,1,1,6,1,Blocked,Male,18-24,No,Asian,Chinese,Some college,30956
R_3dFaS0IUYaxXvML,Finch,Oriole,Tyrant flycatcher,Tyrant flycatcher,Finch,Sparrow,5,4,1,6,2,5,3,4,5,1,1,4,4,3,1,6,4,4,4,3,2,2,4,4,5,2,2,3,6,1,4,6,3,2,5,3,Blocked,Male,18-24,No,White,English,High school diploma,31498
R_2Yc8gl6Q6f3CqrJ,Finch,Oriole,Sparrow,Sparrow,Finch,Tyrant flycatcher,1,1,1,1,4,2,3,3,2,3,4,4,1,1,1,2,3,4,3,4,3,3,5,3,6,6,6,6,6,6,6,6,6,6,5,6,Interleaved,Male,18-24,No,Black,English,Some college,31126
R_2uWjKrGVTdCQV9A,Oriole,Finch,Sparrow,Sparrow,Finch,Sparrow,4,4,5,2,4,2,2,2,3,2,3,4,6,5,5,3,1,2,2,2,3,3,4,4,5,2,1,1,6,1,1,6,4,4,3,4,Blocked,Male,18-24,No,Asian,English,Some college,31488
R_3nuecHQsRF0eIRC,Finch,Oriole,Wood Warbler,Sparrow,Finch,Tyrant flycatcher,3,4,4,4,3,3,4,4,2,1,2,1,5,6,5,2,2,2,2,2,1,1,2,1,6,1,1,2,5,1,1,6,2,2,6,1,Blocked,Male,18-24,No,White,English,Some college,30951
R_2Yx1nq1PYhP6i4E,Jay / Magpie,Finch,Tyrant flycatcher,Tyrant flycatcher,Oriole,Sparrow,2,2,2,3,4,3,2,2,4,4,6,3,4,4,3,4,3,3,2,1,3,3,4,3,6,1,2,1,6,1,1,6,1,1,6,1,Blocked,Female,18-24,No,"American Indian or Alaska Native, Black, and White",English,Some college,31080
R_8IdybhHGRBCLLOh,Jay / Magpie,Finch,Sparrow,Tyrant flycatcher,Finch,Sparrow,2,2,2,4,5,5,4,4,4,4,5,2,2,3,2,3,2,2,3,3,3,3,5,3,5,2,2,2,5,2,2,5,2,2,5,2,Blocked,Female,18-24,No,White,English,Some college,30602
R_238Mk7hMKu7Cry7,Jay / Magpie,Oriole,Sparrow,Tyrant flycatcher,Finch,Wood Warbler,1,2,2,2,4,4,4,4,2,2,3,4,4,4,4,2,4,3,2,4,2,1,3,3,6,5,5,2,6,5,5,5,1,5,3,5,Interleaved,Male,18-24,No,Asian,English and Urdu,High school diploma,31150
R_1q3Rx9duFLmP0XI,Jay / Magpie,Oriole,Wood Warbler,Tyrant flycatcher,Finch,Sparrow,2,2,2,3,4,4,4,3,2,4,5,3,5,5,5,2,3,3,2,3,3,2,3,1,6,1,2,2,6,1,2,5,4,3,5,3,Blocked,Female,18-24,No,White,English,High school diploma,31479
R_1Lc9UlvL5Xe6xMV,Jay / Magpie,Finch,Wood Warbler,Tyrant flycatcher,Finch,Wood Warbler,3,2,3,4,3,3,3,3,4,5,3,5,5,4,5,4,3,3,2,2,2,2,3,1,6,2,1,2,4,3,2,6,1,1,6,1,Blocked,Female,18-24,No,Black and White,English ,Some college,30432
R_2rA9TrHqLQtZVb1,Finch,Oriole,Wood Warbler,Sparrow,Finch,Wood Warbler,5,5,4,6,2,3,2,2,5,4,1,4,3,5,2,3,4,5,4,3,3,5,4,3,2,6,6,6,1,6,6,1,3,5,2,5,Interleaved,Male,18-24,No,White,English,Some college,30612
R_TaVhEhU2zDI8h7r,Oriole,Oriole,Sparrow,Tyrant flycatcher,Finch,Sparrow,1,1,2,5,5,5,6,5,1,2,2,4,5,5,5,6,3,3,2,3,5,4,5,1,6,1,1,1,6,1,1,6,6,6,1,6,Blocked,Male,18-24,No,Asian,Chinese,Some college,31182
R_DFZiEDJua4tTV61,Oriole,Oriole,Wood Warbler,Tyrant flycatcher,Finch,Sparrow,5,6,3,4,3,2,1,1,1,2,2,1,5,6,4,4,2,2,2,2,2,3,4,1,5,1,3,2,6,3,4,6,3,3,5,3,Blocked,Female,18-24,No,Black,English,Some graduate school,31434
R_2i9hDh2WiJvg7ND,Jay / Magpie,Oriole,Sparrow,Tyrant flycatcher,Finch,Sparrow,4,4,2,5,3,3,3,4,3,3,2,5,3,6,6,6,2,2,2,2,3,1,2,2,1,1,2,1,6,1,1,6,1,1,6,6,Blocked,Female,18-24,No,Black,English,High school diploma,31148
R_20YAvmEf7a50JGV,Finch,Finch,Sparrow,Sparrow,Finch,Sparrow,1,1,1,6,1,2,2,2,1,2,4,1,1,2,2,6,1,1,1,1,1,1,3,1,5,1,1,1,6,1,1,6,3,3,5,2,Blocked,Female,18-24,No,White,English,Some college,31735
R_3ktRaHBjeUiNYuF,Finch,Oriole,Wood Warbler,Tyrant flycatcher,Finch,Wood Warbler,3,3,1,5,4,5,4,4,3,3,2,5,2,2,2,2,4,4,4,4,4,4,4,4,5,5,5,4,4,4,5,5,5,5,2,5,Interleaved,Female,18-24,No,Asian and White,English,Some college,31733
R_3n2fwTVM9B2AyR7,Finch,Oriole,Wood Warbler,Tyrant flycatcher,Finch,Sparrow,5,5,5,6,5,5,4,3,1,1,1,1,6,6,6,6,1,2,2,2,1,1,2,1,6,1,1,1,6,1,1,6,1,1,6,1,Blocked,Female,18-24,No,White,English,Some college,31737
R_p0eoRINXynRw3cd,Jay / Magpie,Oriole,Sparrow,Sparrow,Finch,Sparrow,5,5,5,3,2,3,3,2,3,5,4,4,4,5,4,3,4,4,4,4,3,3,4,3,4,5,5,3,4,5,5,2,3,3,4,3,Interleaved,Female,18-24,No,Asian,English,High school diploma,31747
R_9KQFdFZAYPMxdDP,Jay / Magpie,Oriole,Tyrant flycatcher,Tyrant flycatcher,Finch,Sparrow,1,1,1,3,4,5,5,5,2,2,2,2,5,5,4,5,3,2,3,3,4,4,5,4,6,1,1,1,6,1,1,6,6,6,1,6,Blocked,Female,18-24,No,White,English,High school diploma,31719
R_USWpYIaEHXwhidH,Jay / Magpie,Oriole,Wood Warbler,Sparrow,Finch,Sparrow,5,5,5,3,3,3,3,2,3,3,5,3,4,4,4,2,4,4,4,4,2,2,3,2,3,4,4,4,3,4,5,2,4,4,4,4,Interleaved,Female,18-24,No,Asian,English,High school diploma,31747
R_2yaxLjXqk5aK2bu,Jay / Magpie,Finch,Wood Warbler,Sparrow,Finch,Sparrow,2,2,4,1,3,4,5,4,4,4,4,6,2,5,5,1,4,3,2,3,2,1,2,1,5,2,2,2,6,1,1,6,3,1,6,1,Blocked,Male,18-24,No,DTS,German,High school diploma,31764
R_1OwAkSzZB5iAcUB,Oriole,Oriole,Tyrant flycatcher,Tyrant flycatcher,Finch,Sparrow,5,3,3,6,1,1,1,1,3,5,5,2,6,3,5,6,1,1,1,1,1,1,3,1,6,1,1,1,6,1,1,6,1,1,1,1,Blocked,Female,18-24,DTS,White,English,Some college,31765
R_3jSUPuCHcY2AZFQ,Jay / Magpie,Oriole,Sparrow,Tyrant flycatcher,Finch,Sparrow,1,1,1,1,4,4,4,4,3,6,6,6,6,6,6,5,2,2,2,2,4,2,3,2,6,1,1,1,6,1,1,6,4,1,6,1,Blocked,Female,18-24,DTS,White,English,Some college,31765
R_28Mzg6pO5tBLJ4b,Finch,Oriole,Wood Warbler,Tyrant flycatcher,Finch,Sparrow,4,4,2,5,3,4,3,5,3,2,4,2,3,5,3,3,2,3,3,4,2,2,5,1,5,1,2,1,5,2,1,5,3,2,5,1,Blocked,Male,18-24,No,White,English,High school diploma,31756
R_TsYrjxOOzDnegSZ,Finch,Oriole,Wood Warbler,Sparrow,Finch,Sparrow,4,3,1,4,3,2,2,2,4,2,2,2,6,6,1,6,1,1,1,1,2,1,3,1,6,1,1,1,6,1,1,6,4,3,5,2,Blocked,Female,18-24,No,White,English,High school diploma,31755
R_2Xp5Ek2QRXi41NX,Oriole,Oriole,Sparrow,Tyrant flycatcher,Finch,Sparrow,2,5,3,6,3,4,3,3,2,1,1,3,6,6,4,6,1,1,1,1,1,1,2,2,6,1,1,1,6,1,1,6,4,1,6,1,Blocked,Male,18-24,No,White,English,Some college,31777
R_1ltvlQ10TxSEctV,Oriole,Oriole,Wood Warbler,Wood Warbler,Finch,Sparrow,1,1,1,6,3,1,4,2,1,1,1,1,2,2,2,5,4,4,4,4,1,2,4,1,6,1,1,1,6,1,1,6,1,1,6,1,Blocked,Female,18-24,No,White,English ,Some college,31757
R_6r4V3xm0IsqiTJv,Jay / Magpie,Oriole,Sparrow,Tyrant flycatcher,Finch,Wood Warbler,2,2,1,4,3,3,3,3,2,2,1,2,1,1,1,3,3,3,3,3,3,1,2,3,6,1,1,2,5,1,1,5,1,1,6,1,Blocked,Female,18-24,No,White,English,High school diploma,31779
R_1jwvaqIljT3g6yl,Finch,Finch,Sparrow,Sparrow,Finch,Tyrant flycatcher,1,1,3,3,3,2,2,3,2,4,5,2,1,1,1,4,2,2,2,2,2,3,5,2,5,2,2,2,5,2,2,6,3,2,4,2,Blocked,Female,18-24,No,White,English,Some college,31798
R_3q7Fi3PMfl1g0bU,Jay / Magpie,Oriole,Sparrow,Sparrow,Finch,Sparrow,5,3,1,6,6,6,5,6,3,4,5,4,5,2,1,6,5,5,5,4,3,4,5,4,6,1,1,2,5,1,1,6,1,1,6,1,Blocked,Female,18-24,No,White,English,Some college,31800
R_sjveUetQJ7tQafn,Finch,Oriole,Wood Warbler,Tyrant flycatcher,Jay / Magpie,Sparrow,5,5,5,5,4,2,2,2,4,5,5,1,6,6,6,6,1,1,1,1,1,1,2,1,6,1,1,1,6,1,1,6,1,1,6,1,Blocked,Male,18-24,No,White,English,Some college,31772
R_1rrGcf95kYHdgfu,Finch,Oriole,Wood Warbler,Tyrant flycatcher,Finch,Wood Warbler,2,2,2,5,4,4,5,4,5,6,3,5,1,1,1,6,1,1,1,1,3,3,3,3,3,1,1,1,6,3,2,3,5,5,5,5,Blocked,Male,18-24,No,White,English,Some college,31766
R_1QAdjgMOaoEhxVa,Finch,Oriole,Sparrow,Tyrant flycatcher,Finch,Sparrow,1,3,3,6,4,4,4,4,1,1,6,1,4,4,6,1,2,2,2,2,2,2,5,2,6,1,1,1,6,3,3,6,2,2,6,2,Blocked,Female,18-24,No,White,English,High school diploma,31815
R_AjPd9m4Us0jcP7z,Finch,Oriole,Tyrant flycatcher,Tyrant flycatcher,Finch,Sparrow,3,2,2,5,2,3,2,2,3,2,2,2,2,2,2,6,2,2,2,2,3,3,4,2,5,3,2,2,5,1,1,5,3,3,5,2,Blocked,Male,18-24,Yes,Black,English ,High school diploma,31816
R_ULcmb26hffaVgVH,Finch,Oriole,Sparrow,Tyrant flycatcher,Finch,Sparrow,5,5,5,4,3,3,3,3,4,2,2,1,6,5,6,6,2,2,2,2,2,2,2,1,6,1,1,1,6,1,1,6,1,1,6,1,Blocked,Female,18-24,No,White,English,Some college,31818
R_3sbJ0tMhvAT3JWc,Finch,Finch,Wood Warbler,Tyrant flycatcher,Finch,Sparrow,5,2,3,2,4,4,3,3,2,5,5,3,4,4,3,5,3,3,2,3,2,3,5,2,5,2,1,1,5,2,2,5,2,2,5,2,Blocked,Female,18-24,No,White,English ,Some college,31806
R_3Jx5hOCjwVEuBiS,Oriole,Finch,Wood Warbler,Sparrow,Finch,Sparrow,2,3,4,3,3,3,5,4,3,3,3,4,6,6,6,4,2,2,1,2,4,3,4,2,6,1,2,1,5,2,1,6,4,4,2,2,Blocked,Female,18-24,No,White,English,High school diploma,31776
R_Z8dIR9r6nCXpOfv,Finch,Oriole,Wood Warbler,Tyrant flycatcher,Finch,Sparrow,3,3,2,6,2,2,2,3,2,5,4,3,5,3,2,6,2,3,3,1,2,3,5,3,6,1,1,2,6,2,6,6,1,1,5,1,Blocked,Female,18-24,Yes,White,English,High school diploma,31826
R_2c5fw02W8mgPzL4,Finch,Oriole,Sparrow,Tyrant flycatcher,Finch,Sparrow,4,2,1,4,3,4,2,3,1,1,2,2,4,2,1,5,2,3,2,2,1,1,5,1,6,1,2,3,4,1,1,6,4,3,6,1,Blocked,Female,18-24,No,Asian,English and Mandarin,High school diploma,31721
R_1KkfV0iwJwz3QZw,Jay / Magpie,Oriole,Wood Warbler,Tyrant flycatcher,Finch,Sparrow,3,4,1,4,5,3,2,3,1,5,6,2,6,4,1,6,1,1,1,2,1,3,6,1,6,1,1,2,5,1,1,6,3,2,6,2,Blocked,Female,18-24,No,White,English,Some college,31834
R_27pp8oWqN1EmscF,Finch,Oriole,Tyrant flycatcher,Sparrow,Finch,Sparrow,1,2,2,3,4,5,5,4,1,1,2,2,3,4,4,4,5,5,3,3,3,4,5,3,5,1,4,2,5,4,2,4,4,4,2,4,Interleaved,Female,18-24,No,White,English,Some college,31836
R_1DY0oxy6480k1YO,Oriole,Finch,Wood Warbler,Tyrant flycatcher,Jay / Magpie,Tyrant flycatcher,5,3,3,5,3,3,4,5,4,6,6,5,5,4,4,4,3,3,4,3,3,2,3,2,6,1,1,3,4,1,2,6,3,2,6,1,Blocked,Male,18-24,No,White,English,Some college,31839
R_1gI5bHuJEpF6lnS,Jay / Magpie,Oriole,Sparrow,Sparrow,Finch,Tyrant flycatcher,4,4,1,3,1,1,1,1,1,1,1,1,5,5,4,5,1,1,1,1,3,1,2,1,6,1,1,1,6,1,1,6,4,1,6,1,Blocked,Female,18-24,No,White,English,Some college,31837
R_2TsYM0OxuHbcpGq,Jay / Magpie,Oriole,Wood Warbler,Tyrant flycatcher,Finch,Sparrow,4,4,1,6,5,4,3,2,5,4,4,1,3,3,1,6,4,4,4,4,3,3,5,1,6,1,1,1,6,1,1,6,6,1,6,1,Blocked,Male,18-24,No,White,English ,Some college,31740
R_3kFVwc4OUFE5MaK,Jay / Magpie,Finch,Sparrow,Sparrow,Finch,Tyrant flycatcher,2,2,3,2,3,3,3,4,3,2,2,3,2,2,4,3,2,3,2,2,2,3,4,2,5,2,4,3,2,4,3,4,4,3,5,4,Blocked,Male,18-24,No,White,English,High school diploma,31846
R_1ILEn9hXHgHd9vO,Finch,Oriole,Sparrow,Tyrant flycatcher,Finch,Sparrow,1,1,1,6,2,3,2,2,4,3,5,3,2,2,1,6,1,1,1,1,2,2,4,2,3,1,1,1,6,3,2,6,2,2,6,2,Blocked,Female,18-24,No,White,English,Some college,31853
R_22JkpAKrYoJi1D1,Jay / Magpie,Finch,Sparrow,Sparrow,Finch,Sparrow,4,5,2,3,3,3,1,1,4,6,6,3,2,4,2,1,5,4,5,4,2,2,3,1,6,6,4,2,6,4,5,6,1,1,6,1,Interleaved,Female,18-24,No,White,English ,High school diploma,31862
R_1FmjA7Q3Jbw1Bvj,Finch,Oriole,Wood Warbler,Tyrant flycatcher,Finch,Sparrow,3,3,3,4,5,5,5,4,3,2,2,3,5,5,5,2,4,3,4,3,3,3,3,2,5,2,2,2,3,2,5,5,4,3,5,3,Blocked,Male,18-24,No,White,English,High school diploma,31871
R_XLJStOsv8Xc4T7z,Jay / Magpie,Oriole,Wood Warbler,Tyrant flycatcher,Finch,Sparrow,3,3,2,4,4,4,4,3,3,4,5,3,3,4,3,4,2,2,3,3,3,3,5,2,5,2,2,2,5,2,2,4,3,2,4,2,Blocked,Male,18-24,No,Asian,English,High school diploma,31878
R_2VxwzX2rq0mlFjw,Jay / Magpie,Finch,Sparrow,Tyrant flycatcher,Finch,Wood Warbler,2,3,1,6,3,3,3,4,4,5,3,3,4,5,4,2,1,2,2,1,2,1,2,1,6,1,1,1,6,1,3,5,2,2,5,2,Blocked,Female,18-24,No,White,English,Some college,31767
R_3FQzUh50NOgW9Du,Finch,Finch,Wood Warbler,Sparrow,Finch,Sparrow,3,3,3,5,4,2,3,3,5,4,1,5,6,5,6,5,1,1,1,1,3,3,3,3,6,1,1,1,6,1,1,6,3,3,6,4,Blocked,Female,18-24,No,Asian,English,Some college,31877
R_1NE9D2Nrnva5U77,Finch,Oriole,Sparrow,Sparrow,Finch,Sparrow,1,1,1,5,3,3,4,4,2,4,3,3,3,3,2,5,2,2,2,1,4,3,6,2,5,2,2,1,6,1,1,5,3,3,3,3,Blocked,Male,18-24,No,Asian,English and Telegu,High school diploma,31879
R_2D8ipqFlFLR8bSw,Jay / Magpie,Oriole,Sparrow,Tyrant flycatcher,Finch,Sparrow,1,1,2,4,4,3,3,3,2,3,5,4,5,6,5,4,3,3,4,3,4,4,5,4,6,4,4,3,5,4,2,5,5,4,3,4,Blocked,Female,18-24,No,White,English,High school diploma,31776
R_2AGMxc9xeWnGIsF,Jay / Magpie,Oriole,Sparrow,Tyrant flycatcher,Finch,Sparrow,4,4,4,5,3,2,2,3,5,4,5,4,5,5,5,2,2,1,2,2,2,1,2,1,6,1,1,1,6,2,6,6,1,1,6,1,Blocked,Female,18-24,No,Asian,English,Some college,31877
R_2OO3sCzeJNzC15U,Jay / Magpie,Oriole,Wood Warbler,Sparrow,Finch,Sparrow,3,3,3,3,3,3,3,3,3,3,4,3,3,3,3,3,3,3,3,3,3,3,4,3,3,3,3,3,3,3,3,3,3,3,3,3,Blocked,Male,18-24,No,Asian,English,High school diploma,31878
R_9HtIIuk6QbbSyu5,Jay / Magpie,Oriole,Sparrow,Sparrow,Finch,Sparrow,2,2,2,4,3,4,4,4,5,6,3,5,5,5,5,3,2,2,2,2,2,1,2,2,5,1,1,3,6,1,1,5,2,1,6,1,Blocked,Female,18-24,No,White,English,Some college,31767
R_1FfiX6cghP2sTlt,Jay / Magpie,Oriole,Sparrow,Sparrow,Finch,Wood Warbler,1,1,1,3,2,3,2,2,3,4,4,3,3,3,3,3,3,3,3,3,3,3,3,4,4,3,4,3,4,3,4,3,4,3,4,3,Blocked,Male,18-24,No,White,English,High school diploma,31887
R_2WORnGoUgbvzKR8,Jay / Magpie,Oriole,Wood Warbler,Tyrant flycatcher,Finch,Sparrow,4,3,4,4,4,4,4,5,2,2,3,3,4,4,5,6,4,4,3,3,3,2,3,2,5,4,4,4,3,4,4,4,4,3,4,3,Interleaved,Male,18-24,No,White,English,High school diploma,31871
R_1N8iTxzYtOsPl8S,Jay / Magpie,Oriole,Wood Warbler,Sparrow,Finch,Sparrow,5,5,5,3,5,4,4,5,2,5,4,4,5,5,3,4,5,5,6,6,3,3,5,2,5,4,5,2,6,5,1,6,3,3,6,2,Interleaved,Female,18-24,No,White,English,Some college,31897
R_2e4o3ntcNSXwnmK,Jay / Magpie,Finch,Wood Warbler,Tyrant flycatcher,Finch,Sparrow,3,2,2,5,3,2,2,3,2,1,1,2,4,4,4,6,1,1,1,1,1,1,5,1,6,1,1,1,6,1,1,6,3,2,3,2,Blocked,Female,18-24,No,Asian,Nepali,High school diploma,31789
R_1FRl0v03Ud6sy90,Jay / Magpie,Oriole,Wood Warbler,Tyrant flycatcher,Finch,Sparrow,5,4,2,6,6,4,4,5,1,4,5,4,6,6,4,6,3,4,4,2,5,3,5,3,6,1,1,3,6,1,1,6,4,1,6,2,Blocked,Female,18-24,No,White,English,High school diploma,31905
R_24eDlIFJDw7pdCW,Finch,Oriole,Wood Warbler,Wood Warbler,Finch,Sparrow,4,4,2,3,4,4,4,4,2,1,2,2,6,6,5,6,1,1,1,1,5,3,4,2,6,1,1,1,6,1,1,6,6,4,3,5,Blocked,Female,18-24,No,White,English,Some high school,31884
R_3FWkT4CnTLYmdem,Finch,Oriole,Wood Warbler,Tyrant flycatcher,Finch,Wood Warbler,5,4,4,6,4,3,2,2,4,4,5,4,3,3,3,2,5,4,5,4,3,3,4,3,1,5,6,6,2,6,6,1,3,3,4,3,Interleaved,Female,18-24,No,White,English,High school diploma,31894
R_1r1gn9ptx9zDSN2,Finch,Finch,Wood Warbler,Tyrant flycatcher,Finch,Sparrow,2,1,2,4,3,3,5,3,3,6,4,4,3,3,2,6,4,2,2,4,2,5,6,4,6,1,6,4,6,4,1,2,5,4,4,6,Blocked,Female,18-24,No,White,English,High school diploma,31924
R_3O1X1jHeqvVwzA5,Finch,Finch,Tyrant flycatcher,Tyrant flycatcher,Finch,Wood Warbler,3,5,6,4,3,3,3,3,4,1,1,1,4,4,6,5,2,1,1,2,3,2,3,1,6,1,1,2,6,2,2,6,3,3,5,2,Blocked,Female,18-24,Yes,White,English,High school diploma,31936
R_5zHwQs86U67yfHH,Jay / Magpie,Finch,Wood Warbler,Sparrow,Finch,Sparrow,2,3,1,6,1,1,1,2,2,4,6,4,3,4,1,6,2,2,1,1,3,3,6,3,6,1,1,1,6,1,1,6,1,1,6,1,Blocked,Female,18-24,No,White,English,High school diploma,31939
R_3kh57sNF8ZKWE6H,Finch,Finch,Sparrow,Sparrow,Finch,Wood Warbler,6,4,1,6,4,4,4,2,4,1,1,5,6,6,5,6,4,3,2,2,3,1,3,2,6,1,1,1,6,1,1,6,1,1,6,1,Blocked,Female,18-24,No,Black and White,English,Some college,31933
R_3MRPumSslqM8I3S,Finch,Oriole,Sparrow,Sparrow,Finch,Sparrow,3,4,5,5,3,2,3,3,3,2,2,3,4,4,5,5,2,2,2,2,3,1,2,1,5,1,2,2,6,2,6,6,2,2,5,2,Blocked,Female,18-24,No,White,English,Some college,31938
R_1hW5uD7kHEzZMTB,Oriole,Oriole,Wood Warbler,Tyrant flycatcher,Finch,Sparrow,4,4,3,5,3,4,3,3,2,1,2,3,5,4,4,6,2,2,1,2,3,2,4,1,5,2,1,2,5,2,3,5,2,2,5,2,Blocked,Male,18-24,No,Mixed,English,Some college,31952
R_1eyJagUmQCAlUsq,Jay / Magpie,Oriole,Wood Warbler,Tyrant flycatcher,Finch,Sparrow,4,3,2,3,5,5,5,4,5,4,4,5,5,4,5,5,3,3,3,3,3,4,5,2,2,2,2,3,4,3,3,5,2,3,4,3,Blocked,Male,18-24,No,Asian,Chinese,High school diploma,31916
R_3qfb3WMt9cyrzyN,Jay / Magpie,Finch,Wood Warbler,Sparrow,Finch,Sparrow,3,4,5,5,3,3,3,3,4,2,2,4,3,3,2,3,5,4,4,4,3,4,4,4,4,4,4,3,4,4,4,4,3,3,5,3,Interleaved,Female,18-24,No,Asian,English and Gujurati,Some college,31947
R_pLadti3edx3aCfT,Jay / Magpie,Oriole,Wood Warbler,Sparrow,Finch,Sparrow,6,6,5,6,2,2,3,3,2,1,2,1,6,6,6,6,4,4,4,3,4,2,4,3,4,4,4,6,3,4,1,5,2,2,5,4,Interleaved,Female,18-24,No,Black and White,English,Some college,31933
R_3NOG699MM2zADCz,Jay / Magpie,Oriole,Wood Warbler,Sparrow,Finch,Sparrow,2,3,2,3,3,2,2,1,4,3,5,2,2,3,2,1,4,3,4,3,3,3,4,4,5,4,5,2,5,5,5,3,2,5,4,5,Interleaved,Female,18-24,No,White,English,High school diploma,31956
R_dhAUHJ55pFlnlAJ,Finch,Oriole,Sparrow,Sparrow,Finch,Sparrow,5,6,6,6,2,2,2,2,4,5,3,2,4,5,4,6,2,2,3,3,3,3,4,4,2,5,5,5,2,5,5,2,3,4,2,5,Interleaved,Female,18-24,No,White,English,High school diploma,31918
R_1HxFVHxhWo0xRf3,Jay / Magpie,Oriole,Wood Warbler,Tyrant flycatcher,Finch,Sparrow,2,2,2,4,2,2,1,2,5,5,5,2,4,4,4,2,5,5,5,5,2,3,5,4,5,5,5,5,2,5,5,2,2,2,4,5,Interleaved,Female,18-24,No,White,English,High school diploma,31956
R_1E4gVujLmpCirbT,Finch,Oriole,Sparrow,Tyrant flycatcher,Finch,Wood Warbler,2,2,2,5,4,3,4,3,2,1,1,2,3,5,6,3,2,2,2,2,5,5,6,4,6,1,1,3,6,1,6,6,5,5,2,4,Blocked,Female,18-24,No,White,English,High school diploma,31941
R_1f3dRaG4OdGOqJH,Finch,Finch,Sparrow,Sparrow,Finch,Sparrow,4,1,1,5,4,4,5,5,2,2,4,4,6,5,5,5,1,2,1,1,5,1,5,2,6,1,1,1,6,1,1,6,5,1,6,1,Blocked,Female,18-24,No,Asian,English and Malayalam,High school diploma,31903
R_1mL3NmBSa7Ol6da,Jay / Magpie,Oriole,Wood Warbler,Sparrow,Finch,Sparrow,1,1,1,5,5,5,4,5,2,4,4,1,1,1,2,6,2,2,2,2,1,1,2,1,6,1,1,1,6,1,1,6,1,1,6,1,Blocked,Female,18-24,No,White,English ,High school diploma,31869
R_10UFzVLMpZBX2NE,Oriole,Oriole,Tyrant flycatcher,Tyrant flycatcher,Finch,Sparrow,2,2,1,4,3,3,2,2,5,1,6,1,1,1,1,3,3,3,3,3,3,4,6,3,5,1,6,2,5,5,6,1,1,5,4,5,Blocked,Female,18-24,No,White,English,High school diploma,31969
R_1CJfg68iW9Pdhm3,Finch,Oriole,Tyrant flycatcher,Tyrant flycatcher,Finch,Wood Warbler,2,2,2,4,3,2,2,2,3,3,4,2,1,1,2,2,3,3,2,2,3,3,5,3,6,6,6,1,6,6,6,6,1,6,1,6,Interleaved,Female,18-24,No,White,English,High school diploma,31967
R_2qC55IiXbQ7xifB,Oriole,Finch,Wood Warbler,Tyrant flycatcher,Finch,Sparrow,5,5,2,6,2,2,2,3,4,4,6,2,4,4,2,5,3,3,2,3,3,3,5,2,5,2,2,2,5,5,4,5,2,2,5,3,Blocked,Female,18-24,No,White,English,Some college,31785
R_21b1IuBlpczrb9A,Finch,Oriole,Sparrow,Tyrant flycatcher,Finch,Sparrow,4,5,2,5,4,4,3,3,6,6,5,5,4,4,2,3,1,1,3,3,2,2,3,1,6,1,1,1,6,1,1,6,1,1,6,1,Blocked,Female,18-24,No,White,English,High school diploma,31984
R_2xAko3DrSV2hrrA,Jay / Magpie,Oriole,Wood Warbler,Tyrant flycatcher,Finch,Sparrow,4,5,2,6,2,3,2,4,5,1,1,4,2,3,2,3,4,3,3,4,5,5,5,5,1,6,4,2,6,4,6,1,6,5,2,5,Interleaved,Female,18-24,No,American Indian or Alaska Native and White,English,Some college,31868
R_2pKRcVcfKtFcVb8,Oriole,Finch,Wood Warbler,Tyrant flycatcher,Finch,Tyrant flycatcher,4,4,2,3,2,1,2,2,1,1,1,1,4,4,6,2,1,1,2,1,1,1,2,1,5,1,1,1,6,1,1,6,3,6,5,1,Blocked,Female,18-24,No,White,English ,High school diploma,31986
R_3rG5gBoaEMGPYqZ,Finch,Oriole,Wood Warbler,Tyrant flycatcher,Finch,Wood Warbler,3,1,2,4,3,3,5,3,4,4,6,4,6,6,6,4,2,2,3,2,4,4,6,4,6,1,3,5,6,6,1,6,6,6,1,6,Interleaved,Female,18-24,No,Asian and White,English,High school diploma,31992
R_1QMCqIMzREROSrb,Oriole,Oriole,Sparrow,Tyrant flycatcher,Finch,Sparrow,1,2,1,3,3,3,5,4,3,5,6,4,4,3,2,5,5,4,5,4,2,4,5,4,5,5,5,5,6,6,1,6,3,3,5,3,Interleaved,Female,18-24,Yes,DTS,English and Spanish,Some college,31991
R_2dGTUUBsAeeaU9f,Jay / Magpie,Finch,Wood Warbler,Sparrow,Finch,Sparrow,3,3,4,5,4,4,4,5,5,6,4,5,5,6,5,3,3,3,2,3,2,3,4,1,6,2,2,1,6,2,3,6,2,1,5,2,Blocked,Female,18-24,No,White,English,Some college,31922
R_Wqj4bFOTjGsICit,Jay / Magpie,Oriole,Wood Warbler,Tyrant flycatcher,Finch,Sparrow,3,1,1,4,4,4,4,4,4,3,4,4,1,1,1,3,4,4,4,4,3,3,6,3,1,6,6,1,6,6,6,1,3,6,1,5,Interleaved,Female,18-24,No,White,English ,Some high school,31969
R_1rIzhKv3D0k8pv0,Jay / Magpie,Oriole,Wood Warbler,Tyrant flycatcher,Finch,Wood Warbler,2,1,1,3,4,4,2,3,2,1,1,1,4,3,3,4,1,1,2,2,2,1,3,4,6,2,1,1,6,1,1,6,2,1,6,1,Blocked,Female,18-24,No,White,English,High school diploma,32002
R_sbB4ZOkwlAYRPwd,Jay / Magpie,Oriole,Sparrow,Sparrow,Finch,Sparrow,6,6,6,6,3,3,2,2,6,4,6,4,5,4,6,4,1,1,1,1,1,2,2,3,6,1,1,1,3,3,6,6,1,1,6,2,Blocked,Male,18-24,No,DTS,English,Some college,32009
R_3jVRYlF7QyJT4sE,Finch,Finch,Tyrant flycatcher,Sparrow,Finch,Tyrant flycatcher,3,4,4,4,3,3,3,3,3,3,2,3,5,5,5,5,2,2,2,2,4,2,3,3,6,1,1,1,6,1,1,6,4,1,5,3,Blocked,Female,18-24,No,White,English,High school diploma,32012
R_3n7vOXlJHLzaoQE,Jay / Magpie,Oriole,Sparrow,Sparrow,Finch,Sparrow,4,5,2,1,4,4,5,5,4,6,4,3,4,4,5,5,4,3,3,4,2,2,3,2,6,1,1,1,6,1,1,5,2,2,5,1,Blocked,Male,18-24,No,Asian,Chinese,High school diploma,31830
R_1fd7dV7T0JS5qXX,Finch,Finch,Tyrant flycatcher,Tyrant flycatcher,Finch,Sparrow,5,4,3,6,3,3,2,3,1,1,1,1,6,6,6,6,2,2,1,3,1,1,3,1,6,1,2,1,6,1,2,6,2,2,6,1,Blocked,Female,18-24,No,White,English,Some college,32006
R_vSr8UGp49WoawnL,Finch,Oriole,Wood Warbler,Tyrant flycatcher,Finch,Wood Warbler,2,2,2,3,4,4,4,2,3,2,2,2,2,2,2,4,3,3,4,4,2,2,3,3,2,2,1,1,6,1,1,6,1,1,6,1,Blocked,Male,18-24,No,White,English,Some college,32014
R_RRGqAjiOczngd6V,Oriole,Oriole,Wood Warbler,Sparrow,Jay / Magpie,Tyrant flycatcher,6,6,6,6,2,3,3,4,2,2,3,3,4,5,4,6,4,4,4,4,3,3,4,3,3,4,4,4,3,4,4,3,4,4,3,4,Interleaved,Male,18-24,No,White,English,High school diploma,31761
R_yyyUVDipLaHq0mZ,Jay / Magpie,Oriole,Sparrow,Tyrant flycatcher,Finch,Sparrow,2,2,3,2,3,2,3,2,1,1,1,2,5,5,4,4,2,2,1,2,1,1,2,1,5,2,2,2,5,2,2,5,3,3,5,3,Blocked,Male,18-24,No,Black and White,English and Hungarian,Some college,31949
R_1AeVpMkrggILRQZ,Finch,Oriole,Sparrow,Sparrow,Finch,Sparrow,2,3,3,4,5,5,4,4,4,4,3,3,3,3,3,3,3,4,4,4,3,3,4,3,5,2,3,2,5,3,3,6,2,2,5,3,Blocked,Female,18-24,No,White,English,Some college,32000
R_2a9aKxLql0nl68D,Jay / Magpie,Oriole,Wood Warbler,Tyrant flycatcher,Finch,Sparrow,2,4,2,4,4,5,5,4,4,5,4,5,5,5,4,2,4,4,5,4,2,2,3,2,6,6,4,2,5,4,1,5,3,3,5,2,Interleaved,Male,18-24,No,Asian,Chinese,High school diploma,31830
R_8tVv0oqHpHL8lgJ,Jay / Magpie,Oriole,Wood Warbler,Tyrant flycatcher,Finch,Wood Warbler,2,2,2,3,4,3,3,3,1,1,1,1,5,5,4,5,2,2,2,2,1,1,2,1,5,3,3,3,5,2,2,5,3,3,4,3,Blocked,Male,18-24,No,Black and White,English and Hungarian,Some college,31949
R_323HPhBVR42y0za,Finch,Oriole,Sparrow,Sparrow,Finch,Tyrant flycatcher,3,4,4,6,2,2,1,2,5,3,4,3,5,6,6,6,1,1,1,1,1,1,2,1,6,1,1,1,6,1,1,6,1,1,6,1,Blocked,Female,18-24,No,White,English,High school diploma,32021
R_3Gfu99eUmCCERlq,Finch,Oriole,Tyrant flycatcher,Sparrow,Jay / Magpie,Tyrant flycatcher,2,3,3,4,2,4,5,4,1,3,4,4,2,2,2,2,3,3,3,4,3,4,3,4,2,5,5,4,6,5,1,6,4,4,4,4,Interleaved,Female,18-24,DTS,White,English,High school diploma,31924
R_3fdUVkq2XDnBiJQ,Finch,Oriole,Wood Warbler,Tyrant flycatcher,Finch,Wood Warbler,2,1,1,6,2,2,3,3,1,1,1,1,2,2,1,6,1,1,1,1,1,1,2,1,6,1,1,1,6,1,1,6,1,1,6,1,Blocked,Female,18-24,No,White,English,Some college,31961
R_ujGlZozKWhD456V,Finch,Oriole,Sparrow,Tyrant flycatcher,Finch,Wood Warbler,6,6,6,6,1,1,1,1,1,1,1,1,6,6,6,6,1,1,1,1,1,1,2,1,6,1,1,1,6,1,1,6,3,3,3,3,Blocked,Female,18-24,Yes,White,Portuguese,Some college,31929
R_2S8L4RPORlojFO8,Oriole,Oriole,Sparrow,Tyrant flycatcher,Finch,Sparrow,4,3,2,6,4,3,4,3,5,4,4,3,5,5,5,5,3,3,2,3,5,4,6,4,6,1,1,1,6,1,1,6,6,4,4,4,Blocked,Female,18-24,No,Black,English and Amharic,High school diploma,31882
R_ZIbp6SXsAkB0BW1,Jay / Magpie,Oriole,Wood Warbler,Tyrant flycatcher,Finch,Tyrant flycatcher,1,1,1,1,3,3,4,4,2,2,3,2,1,1,1,1,4,3,4,4,3,3,4,3,5,2,2,2,2,2,2,5,3,2,5,2,Blocked,Female,18-24,No,White,English,Some college,31926
R_3ERr6L51UOLDvZu,Finch,Oriole,Wood Warbler,Tyrant flycatcher,Finch,Sparrow,2,1,1,4,4,1,3,2,4,4,3,2,1,1,1,4,2,1,2,2,2,2,5,2,5,1,2,1,6,1,1,6,1,1,6,1,Blocked,Female,18-24,No,White,English,Some college,32011
R_2v2neX91RAkBOxp,Jay / Magpie,Oriole,Sparrow,Sparrow,Finch,Sparrow,2,2,1,5,6,5,5,5,3,3,5,1,2,2,2,2,4,5,5,5,4,5,6,4,4,5,5,5,2,5,5,4,5,6,2,5,Interleaved,Female,18-24,No,White,English,Some college,32034
R_3L0RU5AOqFigys0,Oriole,Finch,Sparrow,Sparrow,Finch,Sparrow,5,4,3,5,3,3,4,3,4,3,3,3,3,4,4,2,3,3,4,3,4,3,4,4,5,2,4,3,5,4,5,4,4,4,3,4,Interleaved,Female,18-24,No,White,English,High school diploma,32030
R_WupFFIwTVqn4qhr,Oriole,Finch,Wood Warbler,Tyrant flycatcher,Finch,Sparrow,4,4,2,5,3,4,2,2,3,5,5,5,5,6,6,3,2,1,1,2,3,2,3,3,6,1,2,3,5,1,2,6,3,3,5,2,Blocked,Female,18-24,No,White,English,Some college,32035
R_1ePf7dK6BApGqnk,Oriole,Oriole,Wood Warbler,Sparrow,Finch,Sparrow,4,4,3,5,5,5,4,4,5,5,5,5,5,4,3,3,4,4,4,4,2,2,3,3,5,3,2,4,3,3,3,4,5,3,5,3,Blocked,Female,18-24,No,Asian,English,Some college,31823
R_ai0qE7QKVNHSOqZ,Oriole,Oriole,Wood Warbler,Tyrant flycatcher,Finch,Sparrow,4,4,2,6,4,4,3,3,2,5,5,4,6,5,5,6,1,1,1,2,2,2,3,2,6,2,1,1,6,1,1,6,2,1,5,1,Blocked,Female,18-24,No,White,English,Some college,31935
R_3EtelvL5uacAQ9I,Jay / Magpie,Oriole,Wood Warbler,Sparrow,Finch,Tyrant flycatcher,5,5,4,4,3,3,4,3,5,5,5,4,6,6,5,6,2,2,2,2,2,2,3,2,6,2,1,1,6,2,1,6,2,1,6,1,Blocked,Female,18-24,No,White,English ,Some college,31935
R_3eaijvQcuq9rqAn,Jay / Magpie,Oriole,Wood Warbler,Tyrant flycatcher,Finch,Sparrow,2,3,2,5,5,5,4,5,3,1,2,2,1,1,2,6,4,4,2,2,2,2,4,1,6,2,2,2,5,2,2,4,3,3,4,3,Blocked,Male,18-24,No,White,English,High school diploma,32004
R_BzSaWkdOKNE0jWV,Finch,Oriole,Sparrow,Sparrow,Finch,Sparrow,3,3,2,4,4,4,3,3,2,2,2,3,5,5,5,5,1,1,1,1,3,2,5,1,6,1,1,3,4,2,1,6,4,3,6,2,Blocked,Female,18-24,No,Asian,English,Some college,31892
R_2aPQOTB2VAzxuZO,Finch,Oriole,Wood Warbler,Tyrant flycatcher,Finch,Sparrow,5,4,5,5,3,4,5,4,3,1,1,2,5,5,5,5,1,2,2,2,3,1,2,3,6,1,1,2,6,1,1,6,2,3,2,4,Blocked,Male,18-24,No,White,English,High school diploma,31855
R_33rqCEqzPEvgalE,Jay / Magpie,Oriole,Wood Warbler,Tyrant flycatcher,Finch,Sparrow,4,3,3,5,2,2,2,2,3,4,4,4,5,3,3,5,1,1,2,2,1,2,3,1,6,2,1,1,5,1,1,6,2,1,5,1,Blocked,Female,18-24,No,White,English ,High school diploma,31951
R_zSeLPiLe0SD1c2t,Jay / Magpie,Oriole,Tyrant flycatcher,Sparrow,Finch,Wood Warbler,4,3,2,5,4,3,4,4,3,6,5,6,1,1,1,3,6,6,6,6,5,5,6,5,6,6,6,1,3,6,6,1,1,1,6,2,Interleaved,Female,18-24,No,White,English,High school diploma,31763
R_29m2nxtw95MwqMb,Jay / Magpie,Finch,Sparrow,Tyrant flycatcher,Finch,Sparrow,4,6,4,6,2,2,2,2,4,5,5,5,5,5,4,6,4,4,4,4,2,2,4,2,5,5,5,5,2,5,5,2,2,2,5,5,Interleaved,Female,18-24,No,Asian,English,High school diploma,31993
R_3PHqjMyWH8BTKVn,Jay / Magpie,Oriole,Sparrow,Tyrant flycatcher,Finch,Sparrow,2,1,1,3,5,4,4,4,3,3,4,1,2,3,2,2,6,5,5,5,3,4,6,5,2,5,6,1,5,6,6,2,3,5,2,6,Interleaved,Female,18-24,No,White,English,Some college,31836
R_1oAMFu77PqdlSAR,Jay / Magpie,Oriole,Wood Warbler,Sparrow,Finch,Sparrow,3,2,2,1,2,1,1,2,2,2,3,3,2,2,2,1,1,1,3,2,2,2,3,3,3,2,2,2,5,2,2,5,2,2,5,2,Blocked,Female,18-24,No,White,English ,High school diploma,31786
R_1o7PL1ePrYRYOic,Finch,Oriole,Wood Warbler,Sparrow,Jay / Magpie,Sparrow,1,5,1,5,2,1,2,1,1,5,5,2,6,6,5,3,3,2,2,3,2,3,5,2,6,1,1,1,6,1,1,6,1,1,5,1,Blocked,Female,18-24,No,Asian,Nepali,High school diploma,31789
R_1Q0DNEtYFY7wypT,Jay / Magpie,Oriole,Wood Warbler,Sparrow,Finch,Sparrow,5,5,4,6,4,4,4,4,5,5,6,5,6,6,4,6,3,3,3,3,2,1,2,2,6,1,1,1,5,1,1,6,3,1,6,1,Blocked,Female,18-24,No,Black and White,English,Some college,31933
R_3r0BQR40k0AXwVK,Jay / Magpie,Oriole,Sparrow,Tyrant flycatcher,Finch,Wood Warbler,2,1,1,1,3,3,3,3,4,5,6,3,6,6,3,6,1,1,1,1,2,2,5,2,6,1,1,2,6,1,1,6,2,2,6,2,Blocked,Female,18-24,No,White,DTS,High school diploma,31749
R_1goOZoHK2OBecnb,Jay / Magpie,Oriole,Tyrant flycatcher,Sparrow,Finch,Sparrow,2,2,3,6,2,2,2,3,1,3,6,3,2,2,3,5,4,4,4,4,3,4,5,4,6,6,6,6,6,6,2,5,3,4,3,4,Interleaved,Male,18-24,No,Asian,English and Telegu,High school diploma,31879
R_2fiLyetSrSBSRSP,Jay / Magpie,Oriole,Wood Warbler,Tyrant flycatcher,Finch,Wood Warbler,5,1,3,5,4,4,1,1,1,1,1,1,6,6,5,6,3,1,1,4,1,1,2,1,2,3,4,2,6,3,4,2,5,1,6,3,Blocked,Female,18-24,No,White,English,Some college,32024
R_2dGgBqUWDS5gVqe,Jay / Magpie,Finch,Sparrow,Sparrow,Finch,Sparrow,2,2,3,2,4,3,4,5,3,4,4,4,4,5,5,5,2,2,1,2,1,2,3,1,6,2,1,3,5,2,1,6,2,1,6,2,Blocked,Male,25-34,No,White,English,Some college,32360
R_1H7QB6YbtPJbU1V,Jay / Magpie,Oriole,Wood Warbler,Tyrant flycatcher,Finch,Sparrow,1,1,1,5,4,4,4,3,4,4,4,3,1,2,1,6,3,2,3,2,1,1,2,2,6,1,1,1,6,1,1,6,1,1,6,1,Blocked,Female,18-24,No,White,English,Some college,31961
R_2q92wV9hIUI4AiP,Jay / Magpie,Oriole,Wood Warbler,Tyrant flycatcher,Finch,Sparrow,2,4,2,2,4,4,4,4,5,5,5,5,5,5,5,2,4,4,3,4,2,2,3,2,6,4,5,2,5,3,2,5,3,3,5,2,Interleaved,Male,18-24,No,Asian,Chinese,High school diploma,31830
R_26kC9yY1yIX4QV5,Jay / Magpie,Oriole,Sparrow,Tyrant flycatcher,Finch,Wood Warbler,2,3,2,4,5,5,3,4,2,2,2,2,4,4,5,4,3,3,2,2,4,2,3,3,6,1,1,1,5,1,1,6,4,4,2,5,Blocked,Female,18-24,No,White,English,Some college,32100
R_1CI6U6ZcKb0fhuw,Jay / Magpie,Finch,Sparrow,Tyrant flycatcher,Finch,Sparrow,2,2,2,5,4,5,3,3,1,2,1,1,2,2,2,5,5,5,4,5,1,1,2,1,6,6,6,6,5,6,1,6,1,6,1,6,Interleaved,Female,18-24,No,White,English,Some college,31828
R_1LBedil9AZA2qZa,Finch,Oriole,Wood Warbler,Tyrant flycatcher,Finch,Sparrow,1,1,1,4,4,4,3,3,5,4,5,5,1,1,1,3,2,2,1,1,2,1,3,1,6,1,1,2,5,1,1,6,1,1,6,1,Blocked,Female,18-24,No,White,English,Some college,31977
R_3I9s0aAkDHUc2Vz,Finch,Oriole,Sparrow,Tyrant flycatcher,Finch,Sparrow,5,4,2,5,4,3,2,3,4,2,2,2,5,4,2,5,3,2,2,3,2,2,3,2,6,2,1,2,5,1,1,6,4,3,4,2,Blocked,Female,18-24,DTS,White,English,High school diploma,31910
R_ebP8GhkYEWdz3sB,Finch,Oriole,Wood Warbler,Tyrant flycatcher,Finch,Sparrow,2,4,3,5,4,3,4,4,1,2,1,1,3,3,5,6,1,1,1,1,1,1,2,1,4,1,1,1,6,1,1,6,3,3,5,3,Blocked,Female,18-24,No,White,English,High school diploma,31958
R_1DqganXMqopFqHW,Jay / Magpie,Finch,Wood Warbler,Tyrant flycatcher,Finch,Sparrow,5,5,4,3,6,5,6,5,4,5,5,3,6,5,6,3,3,3,3,3,1,2,2,1,6,1,1,3,5,2,1,6,1,1,6,1,Blocked,Female,18-24,No,Asian,English,Some college,32025
R_1IfJfa7vHQuG6MD,Finch,Oriole,Wood Warbler,Tyrant flycatcher,Finch,Sparrow,4,4,1,2,5,5,3,3,2,3,4,3,5,6,2,5,5,5,3,5,2,3,6,3,6,5,2,4,6,3,3,4,2,2,4,3,Interleaved,Female,18-24,No,White,English,Some college,31983
R_1ND2zZn9XTTWpVC,Finch,Oriole,Wood Warbler,Sparrow,Finch,Wood Warbler,2,3,3,4,3,4,3,2,5,5,5,4,3,2,4,4,1,1,1,1,2,1,3,1,4,1,1,1,6,1,1,6,2,1,6,1,Blocked,Female,18-24,No,White,English,Some college,31851
R_8es1U3sYUvfBmhj,Finch,Finch,Tyrant flycatcher,Tyrant flycatcher,Finch,Sparrow,2,3,2,5,4,4,3,2,3,3,5,4,2,2,2,3,4,3,3,3,2,2,4,2,5,5,5,3,4,4,6,2,3,2,5,3,Interleaved,Female,18-24,No,White,English,High school diploma,32038
R_3jUazziTiPimM2R,Jay / Magpie,Oriole,Sparrow,Sparrow,Finch,Sparrow,1,1,1,4,4,3,4,4,1,2,2,3,4,3,4,6,2,2,2,2,4,3,4,3,5,1,1,2,5,1,1,6,5,4,3,4,Blocked,Female,18-24,No,White,English,Some college,31883
R_33EBbyOxgQJylai,Finch,Oriole,Wood Warbler,Sparrow,Finch,Sparrow,6,6,6,6,1,1,3,2,4,1,1,1,5,4,5,2,3,3,4,2,2,3,4,4,5,5,5,2,5,2,5,1,2,3,1,2,Blocked,Female,18-24,No,White,English and Russian,High school diploma,31811
ResponseId,BA.Pre.Question,Ca.Pre.Question,Fa.Pre.Question,Ea.Pre.Question,AA.Question,Da.Question,2,2,2,2,3,3,3,3,2,3,2,3,2,1,2,2,3,3,4,4,2,2,2,3,5,2,2,3,4,3,3,4,2,3,4,3,Blocked,Female,18-24,No,White,English,High school diploma,30424
R_2BgtF4VpjJwjRvf,Oriole,Finch,Wood Warbler,Tyrant flycatcher,Finch,Sparrow,5,5,3,5,4,4,2,2,2,2,2,2,5,5,3,6,5,4,2,3,2,2,2,2,5,2,2,2,5,2,2,5,2,2,5,2,Blocked,Male,18-24,No,White,English ,Some college,30654
R_2talgiCOi5LHwhc,Jay / Magpie,Oriole,Sparrow,Tyrant flycatcher,Finch,Sparrow,3,2,2,5,5,5,5,4,4,4,4,3,3,3,3,4,5,5,3,3,4,3,5,2,2,2,2,4,3,4,5,2,5,2,3,4,Blocked,Female,18-24,No,Asian,English,High school diploma,30438
R_1GD4igMe6FmHynk,Finch,Oriole,Wood Warbler,Tyrant flycatcher,Finch,Tyrant flycatcher,2,2,2,3,5,5,5,5,5,5,5,5,4,4,5,2,4,4,4,4,4,3,3,4,6,1,1,1,6,1,1,6,1,1,6,1,Blocked,Female,18-24,No,Asian,Mandarin ,Some college,30514
R_2168qhFXMHsmWbD,Finch,Oriole,Wood Warbler,Tyrant flycatcher,Finch,Sparrow,4,4,3,6,4,4,4,4,5,5,5,4,3,3,2,5,4,4,4,4,5,5,5,4,5,2,2,3,3,2,2,3,3,3,5,4,Blocked,Female,18-24,No,White,English ,Some college,31048
R_3Qzq6zrOqQFFy6J,Jay / Magpie,Oriole,Tyrant flycatcher,Tyrant flycatcher,Finch,Sparrow,5,2,3,5,3,4,2,3,5,5,5,4,4,4,4,2,5,3,4,5,1,1,1,4,6,6,5,3,5,4,5,5,1,1,6,4,Interleaved,Female,18-24,No,Asian,Chinese,College Bachelor's degree,30709
R_1qg1HcGvDnQm1Ka,Oriole,Oriole,Sparrow,Sparrow,Finch,Sparrow,1,1,1,4,3,3,2,2,3,3,3,3,1,1,1,3,4,3,3,3,2,2,3,2,5,2,1,2,5,1,2,4,2,2,5,2,Blocked,Female,18-24,No,Black and White,English and Spanish,Some college,31064
R_25sIP3WHn9EJlXQ,Jay / Magpie,Finch,Sparrow,Sparrow,Finch,Sparrow,6,5,5,6,3,3,3,3,3,1,6,1,2,2,2,6,3,4,5,2,2,2,3,3,5,3,2,2,5,2,2,5,3,3,4,3,Blocked,Female,18-24,No,White,English,Some college,30482
R_3KMzlm2hRYssaIq,Finch,Finch,Wood Warbler,Sparrow,Finch,Sparrow,3,2,2,3,5,5,4,5,5,6,5,6,5,5,5,6,2,2,2,3,2,2,3,2,6,1,1,1,6,1,1,6,1,1,6,1,Blocked,Male,18-24,No,Black,English,Some college,30969
R_2y18W9arXY5jMpD,Finch,Finch,Wood Warbler,Sparrow,Finch,Sparrow,4,4,4,3,5,5,5,4,5,5,5,5,6,5,5,6,3,3,2,2,2,2,2,4,6,2,1,2,5,2,2,6,2,1,6,2,Blocked,Female,18-24,No,Asian,Chinese,High school diploma,31531
R_VVDksELkiH8GAY9,Jay / Magpie,Finch,Sparrow,Sparrow,Finch,Sparrow,3,3,3,3,4,4,5,4,5,5,6,4,5,5,4,6,2,2,1,1,3,3,5,1,6,2,3,3,6,1,2,5,3,2,5,2,Blocked,DTS,18-24,No,White,English,Some college,30548
R_22QX0IzrQ6CY7YK,Oriole,Oriole,Wood Warbler,Tyrant flycatcher,Finch,Wood Warbler,1,1,1,2,6,5,5,4,6,6,3,6,4,3,2,1,2,3,2,3,1,1,2,1,6,1,1,3,6,1,1,6,1,1,6,1,Blocked,Female,18-24,No,Asian,English and Korean,Some college,30537
R_3DunphGeAAXCBPA,Oriole,Oriole,Sparrow,Tyrant flycatcher,Finch,Sparrow,3,6,5,4,2,2,2,2,2,2,5,1,6,6,6,6,1,1,1,1,1,1,6,1,1,1,1,1,1,1,1,6,4,1,1,6,Blocked,Male,18-24,No,Asian,English,Some college,30502
R_1LbR3maekbItgM4,Finch,Finch,Sparrow,Sparrow,Finch,Sparrow,1,1,1,3,1,1,1,3,2,2,5,2,1,1,1,4,2,3,3,2,2,2,4,1,4,2,2,2,4,2,2,5,2,2,5,2,Blocked,Male,18-24,DTS,DTS,English,Some college,31013
R_8pJ5uMfBUbQVKh3,Oriole,Oriole,Sparrow,Tyrant flycatcher,Finch,Sparrow,2,1,1,5,2,2,3,3,3,4,3,5,4,5,5,6,3,3,2,5,5,3,4,4,6,5,5,4,3,4,1,5,1,2,5,2,Interleaved,Female,18-24,No,White,English,Some college,31478
R_3Dve12A4pVyl3gi,Finch,Oriole,Tyrant flycatcher,Sparrow,Jay / Magpie,Sparrow,4,4,3,4,3,5,5,5,4,3,3,4,4,4,3,5,2,2,3,2,3,2,5,3,5,3,3,1,5,2,3,5,2,2,4,2,Blocked,Male,18-24,No,Asian,English and Tamil,High school diploma,30436
R_1OqoMEBhWLxt3ZO,Oriole,Oriole,Sparrow,Tyrant flycatcher,Finch,Wood Warbler,4,4,3,5,4,4,3,3,4,4,4,4,4,4,5,5,2,2,3,2,4,2,3,2,6,1,1,1,6,3,1,6,2,1,4,1,Blocked,Female,18-24,No,Asian,English,Some college,31120
R_2tFoFb2hL8us97c,Jay / Magpie,Oriole,Wood Warbler,Sparrow,Finch,Sparrow,5,3,3,4,3,3,2,2,5,5,6,5,5,5,5,2,4,5,5,4,2,5,4,4,6,6,6,6,6,6,3,5,1,3,4,3,Interleaved,Male,18-24,No,Asian,Mandarin,College Bachelor's degree,31179
R_2wtSNMlJVarPVAV,Jay / Magpie,Finch,Sparrow,Sparrow,Jay / Magpie,Sparrow,5,5,1,6,3,4,4,4,4,2,2,2,4,4,1,6,4,5,5,5,3,2,2,2,6,5,4,4,6,5,4,5,2,4,3,4,Interleaved,Female,18-24,No,White,English,Some college,30488
R_1dal87aYsedooBy,Oriole,Oriole,Wood Warbler,Tyrant flycatcher,Finch,Sparrow,1,1,1,5,2,1,2,2,4,1,1,1,1,1,1,5,3,2,1,1,5,1,1,1,6,3,1,2,6,1,1,6,6,1,4,4,Blocked,Female,45-54,No,DTS,English,Some college,30954
R_UEZdwpgiGFZJkhX,Finch,Oriole,Sparrow,Sparrow,Finch,Sparrow,3,4,2,5,2,2,2,2,4,2,4,2,3,4,2,6,2,2,3,2,5,1,2,3,5,3,2,2,5,2,2,5,2,2,4,2,Blocked,Female,18-24,No,White,English,Some college,31142
R_3D1FCLKsagXFEq4,Finch,Oriole,Tyrant flycatcher,Tyrant flycatcher,Finch,Sparrow,1,1,1,1,4,4,5,5,2,2,2,3,1,1,1,1,4,4,5,5,2,2,2,3,3,4,4,2,5,2,4,3,4,5,2,4,Blocked,Female,18-24,No,White,English,Some college,31130
R_55xne3MTbqTzqzT,Jay / Magpie,Oriole,Sparrow,Sparrow,Finch,Sparrow,4,2,2,2,5,5,5,5,3,5,6,6,5,5,2,6,3,4,2,2,4,2,4,1,6,1,1,1,6,1,1,6,6,1,6,1,Blocked,Male,18-24,Yes,White,English,Some college,27146
R_2uBZlFN0LlRG2Xj,Jay / Magpie,Oriole,Wood Warbler,Sparrow,Finch,Sparrow,3,3,3,4,4,4,4,4,5,5,5,4,4,5,5,4,2,2,2,2,2,3,4,4,5,1,1,2,5,2,2,5,2,2,5,2,Blocked,Female,18-24,No,White,English,Some college,31071
R_ugnH7BwnlvLNAeR,Finch,Oriole,Wood Warbler,Tyrant flycatcher,Finch,Wood Warbler,4,5,3,5,3,4,3,3,2,2,2,2,3,4,3,5,4,4,3,4,2,2,2,3,2,5,5,3,4,5,5,3,5,3,3,4,Interleaved,Non-Binary,25-34,No,Black and White,English,Some college,30501
R_2D05dPOCaQDu6Vv,Jay / Magpie,Finch,Wood Warbler,Tyrant flycatcher,Finch,Sparrow,1,1,3,1,5,5,5,6,2,5,5,5,2,6,5,4,1,1,2,1,4,3,3,1,6,1,1,1,6,1,1,6,3,1,6,2,Blocked,Female,18-24,No,White,English,Some college,31520
R_1EXMi9ooGhO3Ach,Finch,Oriole,Sparrow,Tyrant flycatcher,Finch,Wood Warbler,3,3,3,5,3,3,2,2,2,1,3,1,3,3,3,5,3,3,2,3,1,2,4,1,5,2,2,3,6,2,2,4,2,2,5,2,Blocked,Female,18-24,No,White,English,Some college,31483
R_29nBa4RPrrh359p,Finch,Oriole,Sparrow,Sparrow,Finch,Wood Warbler,4,3,2,2,5,3,2,3,3,2,4,3,3,3,3,3,3,3,2,3,2,2,5,3,5,2,2,3,4,3,2,4,2,5,3,3,Blocked,Male,18-24,No,White,English,Some college,31037
R_bfw8ixFLXVgyHE5,Jay / Magpie,Oriole,Sparrow,Tyrant flycatcher,Finch,Sparrow,5,5,6,5,1,1,1,1,6,4,4,5,3,3,5,5,3,3,3,3,4,4,5,6,1,6,6,5,2,5,6,1,2,2,4,5,Interleaved,Female,18-24,Yes,American Indian or Alaska Native,English ,High school diploma,31465
R_SUCUlrhrQKEfJkt,Jay / Magpie,Oriole,Sparrow,Tyrant flycatcher,Finch,Wood Warbler,2,3,2,3,4,4,4,4,4,4,4,5,4,5,4,3,4,3,3,4,2,2,2,2,5,2,1,3,5,2,1,6,2,2,5,2,Blocked,Female,18-24,Yes,White,English,Some college,30429
R_Q4Jk4c4U8cIkdrj,Oriole,Finch,Sparrow,Tyrant flycatcher,Finch,Sparrow,5,5,1,5,1,1,1,1,4,2,6,1,3,4,1,6,4,4,4,4,4,4,6,2,1,6,6,6,1,6,6,1,3,6,1,5,Interleaved,Female,18-24,No,White,English,Some college,30413
R_3kv2nxh02XIQd0O,Finch,Oriole,Sparrow,Tyrant flycatcher,Finch,Wood Warbler,1,1,1,6,2,2,2,2,2,2,3,3,1,1,1,1,2,1,2,1,2,2,3,2,4,3,2,1,6,1,1,5,3,3,3,2,Blocked,Female,18-24,No,Asian and White,English,Some college,31074
R_33yb3CnD5S8QzV9,Oriole,Finch,Wood Warbler,Tyrant flycatcher,Finch,Sparrow,2,2,2,2,3,3,2,3,2,3,3,3,2,2,4,4,4,4,4,4,1,3,2,4,5,5,5,5,3,5,5,2,3,3,4,3,Interleaved,Male,18-24,No,White,English,Some college,31471
R_23ftW03MXGERGDj,Oriole,Oriole,Sparrow,Tyrant flycatcher,Finch,Sparrow,4,4,4,5,5,5,5,5,6,6,5,5,4,4,4,6,4,3,4,4,5,2,2,2,5,2,2,2,6,2,6,6,1,1,6,3,Blocked,Male,18-24,No,Mixed,English,College Bachelor's degree,30690
R_1FkADg19MaJgzYb,Jay / Magpie,Finch,Tyrant flycatcher,Tyrant flycatcher,Finch,Sparrow,3,1,1,3,3,3,3,3,1,1,1,1,3,1,1,3,3,3,3,3,1,1,1,1,4,3,4,3,4,3,4,4,3,3,4,3,Interleaved,Female,18-24,No,White,English,High school diploma,27636
R_pmW88uZFOfwcLVD,Oriole,Oriole,Sparrow,Tyrant flycatcher,Finch,Sparrow,5,3,2,2,5,5,4,5,3,4,4,4,5,5,4,6,3,4,2,2,4,5,5,4,4,5,5,2,2,2,5,2,2,5,3,5,Interleaved,Female,18-24,DTS,Asian,English and Chinese,Some college,30554
R_1eKaxg3EFRIOlp9,Finch,Oriole,Sparrow,Tyrant flycatcher,Finch,Sparrow,1,2,3,6,3,3,4,4,3,1,1,1,1,2,3,6,3,2,3,3,1,1,1,1,6,1,1,1,6,1,1,6,3,1,6,1,Blocked,Female,18-24,No,White,English,Some college,30656
R_21vO4mbgL0UYA5K,Finch,Oriole,Sparrow,Sparrow,Finch,Tyrant flycatcher,1,1,2,3,3,3,3,2,2,3,2,2,2,2,2,3,3,3,2,2,2,1,2,2,5,2,2,3,5,2,2,5,2,2,5,2,Blocked,Male,18-24,Yes,White,English,Some college,30598
R_2430V7X9SXzju2n,Oriole,Finch,Tyrant flycatcher,Tyrant flycatcher,Finch,Sparrow,1,1,2,3,4,4,5,5,5,4,5,4,5,5,6,4,1,1,1,1,4,1,1,2,6,1,1,1,6,1,1,6,2,1,6,2,Blocked,Female,18-24,No,White,English,High school diploma,30473
R_31tkoKrLXCqLAy9,Oriole,Finch,Wood Warbler,Tyrant flycatcher,Finch,Sparrow,6,5,2,6,3,2,1,3,1,5,5,2,5,5,2,6,5,4,3,3,2,4,6,4,1,5,6,5,2,5,6,1,4,5,2,5,Interleaved,Female,18-24,No,White,English,Some college,31005
R_3sdJ8be8484ujwp,Jay / Magpie,Oriole,Sparrow,Tyrant flycatcher,Finch,Sparrow,1,1,2,3,5,4,6,6,6,6,5,6,2,4,6,4,2,1,1,1,6,6,5,6,6,1,1,1,6,1,1,6,1,1,6,1,Blocked,Male,18-24,No,Asian,Mandarin,Some high school,30666
R_2c5E5rbY8JjZlil,Jay / Magpie,Oriole,Sparrow,Sparrow,Finch,Sparrow,4,3,2,2,3,3,5,5,5,5,5,4,5,6,6,4,3,3,5,4,3,4,1,3,6,1,1,3,5,4,2,6,3,2,6,3,Blocked,Male,18-24,No,Asian,Chinese,Some college,30430
R_24wqlJsPh9H7vNQ,Jay / Magpie,Oriole,Sparrow,Tyrant flycatcher,Finch,Sparrow,2,1,1,2,4,3,4,3,3,3,5,4,3,2,1,2,3,4,4,4,4,4,4,3,5,2,2,2,5,1,1,5,2,2,5,2,Blocked,Male,18-24,No,White,English,Some college,30578
R_31NUSz5TNINKmdv,Finch,Oriole,Wood Warbler,Sparrow,Finch,Sparrow,4,3,2,4,3,3,3,2,2,2,2,3,3,4,2,5,2,2,3,3,2,2,3,3,4,3,2,2,3,2,1,5,2,3,5,2,Blocked,Male,18-24,No,White,English,Some college,30571
R_2yrz5m2U2GcrGRG,Finch,Oriole,Sparrow,Sparrow,Finch,Sparrow,6,6,1,6,1,2,1,3,1,1,4,2,6,6,3,6,2,1,1,1,6,1,1,3,6,2,2,2,5,2,4,4,4,4,4,3,Blocked,Female,18-24,No,White,English,High school diploma,31040
R_6LMYx9YMKyBNYad,Jay / Magpie,Finch,Sparrow,Sparrow,Finch,Sparrow,1,1,1,5,2,2,3,2,2,3,4,2,1,1,1,6,2,2,3,3,2,2,3,1,6,1,1,1,6,1,3,5,2,2,5,1,Blocked,Female,18-24,No,Asian,"English, Gujarati, and Hindi",Some college,30584
R_CjZpKKlJEjeydCp,Finch,Finch,Sparrow,Sparrow,Finch,Sparrow,1,1,1,2,2,2,2,2,1,1,1,1,1,1,1,3,5,5,5,5,1,1,1,1,6,1,1,1,6,1,1,6,3,3,3,3,Blocked,Female,18-24,No,Asian,English,Some college,31516
R_YQzBja1JF38XgxH,Jay / Magpie,Oriole,Wood Warbler,Sparrow,Finch,Sparrow,3,3,2,5,3,3,3,3,3,3,5,3,4,3,3,6,2,2,2,2,3,3,5,3,6,1,1,2,5,1,1,6,3,3,5,2,Blocked,Female,18-24,No,White,English,Some college,31069
R_3EAOAKvsng9PyQF,Finch,Oriole,Tyrant flycatcher,Tyrant flycatcher,Finch,Wood Warbler,1,1,2,3,4,3,4,4,5,5,5,5,1,1,2,2,3,4,4,4,1,2,2,3,6,2,2,3,4,1,1,6,2,2,5,3,Blocked,Female,18-24,No,White,English,Some college,30703
R_1eLWhQqPST7Lqdy,Oriole,Oriole,Sparrow,Sparrow,Finch,Sparrow,4,4,4,4,4,4,4,4,3,3,3,4,4,5,4,5,3,3,3,3,3,2,3,3,1,2,2,3,2,2,2,6,3,3,5,3,Blocked,Male,18-24,No,Asian,English,Some college,31467
R_3PXmI4rfvABMUVm,Finch,Finch,Sparrow,Tyrant flycatcher,Oriole,Wood Warbler,3,3,3,6,2,2,4,3,4,2,2,3,3,3,5,6,3,3,2,2,1,2,3,3,6,2,2,3,5,2,2,5,2,2,5,2,Blocked,Female,18-24,No,Asian,Tamil,Some college,31844
R_OIgUXTd6Mo14a1r,Finch,Oriole,Wood Warbler,Sparrow,Finch,Sparrow,6,4,1,5,6,6,6,6,5,6,6,5,3,4,2,4,5,5,4,3,2,1,5,2,6,3,1,2,6,1,4,6,1,1,6,1,Blocked,Non-Binary,18-24,No,Asian,English and Mandarin,High school diploma,32194
R_3ffRo9ACWcz6luH,Jay / Magpie,Oriole,Tyrant flycatcher,Tyrant flycatcher,Finch,Sparrow,3,3,3,4,5,5,5,4,4,2,3,4,5,4,3,6,4,5,2,2,4,1,1,2,6,1,1,1,6,1,1,6,2,2,5,1,Blocked,Male,18-24,DTS,DTS,English,High school diploma,32042
R_2ZP30K1RcIadHS5,Finch,Oriole,Wood Warbler,Sparrow,Finch,Sparrow,3,3,3,5,3,2,2,2,4,2,3,2,3,2,4,6,5,5,4,4,4,2,2,2,1,6,6,6,1,6,6,1,1,2,4,6,Interleaved,Male,18-24,No,White,English,High school diploma,32039
R_3LZS8ltELhLqeWi,Jay / Magpie,Oriole,Sparrow,Tyrant flycatcher,Finch,Sparrow,5,5,2,6,4,5,2,4,4,2,2,3,3,4,1,6,5,5,4,5,5,4,5,1,6,5,6,2,4,5,5,1,3,3,5,3,Interleaved,Female,18-24,No,Black and White,English,High school diploma,32008
R_s5ySsMzHV26STTj,Jay / Magpie,Oriole,Wood Warbler,Sparrow,Finch,Sparrow,4,3,3,4,4,4,4,4,2,1,1,5,4,5,5,5,2,4,2,4,2,1,1,5,5,2,1,2,5,2,1,6,2,3,5,2,Blocked,Male,18-24,No,Asian,English and Vietnamese,High school diploma,32414
R_2q1vMtbtqmM7sZX,Finch,Oriole,Wood Warbler,Tyrant flycatcher,Finch,Sparrow,6,6,3,6,5,5,5,5,5,5,5,5,4,4,2,6,4,4,4,3,3,5,5,5,6,1,1,1,6,1,1,6,6,6,1,6,Blocked,Female,18-24,Yes,White,English and Spanish,High school diploma,32055
R_1jdF7Z1ItDV78Td,Finch,Oriole,Sparrow,Sparrow,Finch,Sparrow,2,2,2,2,3,3,4,4,3,3,3,3,1,1,2,3,4,3,4,4,2,4,4,3,5,2,2,3,4,2,1,5,3,2,5,2,Blocked,Male,18-24,No,Asian and White,English,High school diploma,32201
R_3gT5nOK4oIdDpA3,Finch,Oriole,Wood Warbler,Sparrow,Finch,Sparrow,3,3,2,5,3,3,2,2,2,1,3,1,3,2,4,5,3,3,2,2,1,1,2,2,5,2,1,2,6,3,5,5,4,3,4,3,Blocked,Female,18-24,No,White,English,High school diploma,32437
R_YaxNDRqjKWRoYSt,Jay / Magpie,Oriole,Sparrow,Tyrant flycatcher,Finch,Sparrow,1,1,1,6,3,4,3,3,2,4,5,3,1,1,1,4,4,4,3,2,1,1,1,3,6,6,4,4,6,4,4,4,4,4,4,4,Interleaved,Female,18-24,No,White,English ,High school diploma,32301
R_3eaEaFhT2xwvmin,Finch,Oriole,Wood Warbler,Tyrant flycatcher,Finch,Sparrow,2,3,1,6,4,4,5,3,3,3,4,1,1,4,1,6,4,3,2,2,3,4,5,4,6,2,2,1,6,1,1,6,5,5,1,5,Blocked,Female,18-24,No,Black ,English,Some college,32045
R_zUaf1eIkSgXeupH,Jay / Magpie,Oriole,Sparrow,Sparrow,Finch,Sparrow,4,4,4,4,4,4,3,4,4,4,3,4,6,6,3,3,4,4,4,4,4,3,3,4,4,4,4,4,4,4,4,4,5,4,4,4,Interleaved,Female,18-24,No,Asian,Chinese,High school diploma,31841
R_1eqM06Mm8tyUAlQ,Jay / Magpie,Oriole,Sparrow,Sparrow,Finch,Sparrow,5,3,3,6,4,4,4,4,4,5,3,5,4,4,4,5,5,5,5,5,3,2,3,2,5,5,3,3,3,5,5,3,2,2,5,1,Interleaved,Female,18-24,No,White,English,Some college,32233
R_2Xpq0uOLUpyqgOH,Jay / Magpie,Oriole,Sparrow,Tyrant flycatcher,Finch,Wood Warbler,5,5,5,6,4,5,3,4,5,5,4,5,4,5,2,6,5,4,5,4,4,5,4,4,5,2,1,3,5,3,1,6,3,3,4,2,Blocked,Male,18-24,No,Asian,English and Kannada,High school diploma,31867
R_3fouEpLnYHrZ97C,Oriole,Oriole,Sparrow,Sparrow,Finch,Sparrow,3,3,3,5,3,4,4,4,5,4,5,3,3,3,3,5,3,4,4,3,5,5,5,4,1,3,3,3,5,2,2,2,3,2,4,5,Blocked,DTS,18-24,No,DTS,English and Telugu,Some college,32299
R_3QWuZwyC1Rkimiq,Finch,Oriole,Wood Warbler,Tyrant flycatcher,Finch,Sparrow,2,2,2,5,5,5,5,5,3,5,6,6,4,5,3,5,3,3,4,4,2,3,5,4,6,1,1,2,6,1,2,5,1,1,5,1,Blocked,Female,18-24,No,White,English,Some college,32196
R_ac07MmuiDiSne4p,Jay / Magpie,Oriole,Tyrant flycatcher,Tyrant flycatcher,Finch,Sparrow,5,2,1,6,3,3,2,2,2,2,3,2,4,4,1,6,4,4,4,4,1,3,3,4,6,1,1,1,6,1,6,6,3,1,6,1,Blocked,Male,18-24,No,White,English,High school diploma,32239
R_3qr5G7gwvrYwz9Y,Jay / Magpie,Oriole,Sparrow,Tyrant flycatcher,Finch,Wood Warbler,2,2,3,2,4,4,5,5,5,6,6,6,2,2,4,4,3,3,4,4,5,2,2,2,5,1,1,2,5,1,1,5,2,1,5,1,Blocked,Female,18-24,No,Asian,Korean,High school diploma,31901
R_1owdPajZQuRk2Sv,Oriole,Finch,Sparrow,Sparrow,Oriole,Sparrow,2,2,2,4,5,5,5,5,4,5,3,4,4,4,4,3,4,4,4,4,3,4,4,2,5,2,1,3,5,1,1,5,2,1,4,1,Blocked,Male,18-24,No,Asian,Chinese,High school diploma,31978
R_1DIT3aqEk0SWOiE,Jay / Magpie,Finch,Sparrow,Sparrow,Finch,Sparrow,6,2,2,6,1,1,1,1,1,1,2,1,5,3,2,6,4,2,2,2,1,1,2,1,1,6,6,4,1,5,6,2,3,4,4,4,Interleaved,Male,18-24,Yes,White,English,High school diploma,32441
R_3ozNmODB4Y9p1Tp,Jay / Magpie,Oriole,Sparrow,Sparrow,Finch,Sparrow,2,2,3,3,5,5,5,4,4,4,5,4,4,5,5,4,2,2,2,3,1,1,2,2,6,2,1,3,5,2,2,5,2,2,5,2,Blocked,Female,18-24,No,Asian,English,High school diploma,31909
R_0Ba1zqgyBmXrnA5,Jay / Magpie,Finch,Sparrow,Tyrant flycatcher,Finch,Sparrow,4,4,3,4,3,3,3,3,4,4,4,3,4,5,5,5,3,3,2,2,4,3,3,2,5,2,2,2,5,2,2,5,2,2,5,2,Blocked,Female,18-24,No,Asian and White,English,High school diploma,31876
R_RyRGeOuTx289euZ,Finch,Oriole,Sparrow,Sparrow,Finch,Sparrow,1,1,1,5,3,3,4,4,3,5,5,5,2,1,1,2,3,3,4,3,3,4,4,4,1,6,6,6,1,6,6,1,1,6,1,6,Blocked,Female,18-24,No,Asian,English,Some college,32433
R_1q3W2qOqw23MDLA,Oriole,Finch,Sparrow,Tyrant flycatcher,Finch,Sparrow,3,2,3,3,4,5,4,5,4,4,3,3,4,5,4,5,3,3,2,3,3,2,4,2,6,2,1,2,5,1,1,6,3,3,3,4,Blocked,Female,18-24,No,Asian,Cantonese,High school diploma,32047
R_3qwjNZ5QJbch6ou,Finch,Finch,Sparrow,Tyrant flycatcher,Finch,Sparrow,4,4,3,6,4,4,4,4,3,3,6,4,6,6,6,6,3,3,1,1,3,4,6,6,6,1,1,1,6,1,1,6,6,6,2,6,Blocked,Female,18-24,No,Asian and White,English,Some college,31889
R_1GIwSQK14dLOlB8,Oriole,Oriole,Sparrow,Tyrant flycatcher,Finch,Wood Warbler,2,3,2,5,3,3,3,4,4,5,5,5,1,3,3,5,3,3,2,2,2,1,2,2,6,3,1,2,5,1,2,5,3,1,6,1,Blocked,Male,18-24,No,White,English,High school diploma,32193
R_2S6MRdlLqNIpIvc,Finch,Oriole,Sparrow,Tyrant flycatcher,Finch,Sparrow,1,3,2,3,4,5,5,4,2,4,5,4,1,2,2,4,4,4,3,4,3,2,2,3,5,1,1,2,5,1,1,6,2,2,5,2,Blocked,Female,18-24,No,White,English,Some college,32128
R_3lyTflMDPlVQ00P,Finch,Oriole,Wood Warbler,Sparrow,Finch,Wood Warbler,2,2,3,4,4,4,4,4,5,4,4,5,4,3,3,5,3,3,2,2,2,2,3,2,5,2,1,2,5,1,1,6,3,2,5,2,Blocked,Female,18-24,No,White,English,Some college,32071
R_2WZR63xnzI4wRGL,Oriole,Finch,Wood Warbler,Tyrant flycatcher,Finch,Sparrow,5,4,3,5,4,4,3,3,4,4,5,4,4,3,3,5,3,3,3,3,2,2,2,3,5,2,2,3,4,2,2,5,2,2,5,3,Blocked,Male,18-24,No,White,English,Some college,32370
R_1HnjP1r9uPUzfmj,Jay / Magpie,Finch,Wood Warbler,Tyrant flycatcher,Jay / Magpie,Sparrow,5,4,3,6,4,4,4,4,1,3,4,2,6,6,2,6,3,3,3,2,1,1,1,2,6,1,1,1,6,1,4,6,1,1,5,1,Blocked,Female,18-24,No,White,English,Some college,32198
R_eQy98BWZJd5BGuZ,Finch,Oriole,Wood Warbler,Tyrant flycatcher,Finch,Sparrow,2,3,2,3,4,4,4,3,3,3,3,2,3,2,3,4,6,4,4,4,2,4,3,2,4,3,2,2,4,2,3,4,2,3,4,3,Blocked,Male,18-24,No,White,English,Some college,32444
R_3Jlz9u5VIWm5Mvq,Jay / Magpie,Finch,Wood Warbler,Tyrant flycatcher,Finch,Sparrow,3,3,3,5,5,5,5,5,2,5,2,5,1,2,2,6,4,5,5,5,2,5,6,4,6,1,1,1,6,1,1,6,1,1,6,1,Blocked,Female,18-24,No,White,English,High school diploma,32237
R_9spzXIqXngFLPKF,Finch,Oriole,Sparrow,Tyrant flycatcher,Finch,Sparrow,5,4,4,4,4,4,4,4,4,4,3,4,4,5,5,5,3,3,3,2,3,3,3,3,4,4,4,4,4,4,4,4,4,4,4,4,Blocked,Female,18-24,No,Asian,English and Chinese,College Bachelor's degree,32389
R_3LjzM8FRVTqdtd1,Jay / Magpie,Oriole,Sparrow,Sparrow,Oriole,Sparrow,3,5,2,4,2,5,2,5,4,3,1,4,4,3,5,6,3,5,2,5,4,3,2,5,5,4,2,4,5,4,4,4,5,6,4,5,Blocked,Female,18-24,DTS,American Indian or Alaska Native,Hindi and Gujarati,Some college,32268
R_1pYStCWqG5IbkZr,Jay / Magpie,Finch,Tyrant flycatcher,Sparrow,Jay / Magpie,Tyrant flycatcher,3,2,2,3,5,5,5,5,4,5,5,5,2,2,4,4,2,2,2,2,1,2,3,2,6,1,1,1,6,1,1,6,2,2,6,1,Blocked,Female,18-24,No,White,English,High school diploma,32324
R_yTKqqNNIn0B21mp,Finch,Oriole,Sparrow,Sparrow,Finch,Wood Warbler,3,2,2,4,5,5,4,5,3,4,4,5,4,4,4,4,3,4,3,3,3,2,2,3,6,1,1,1,5,1,1,6,1,1,6,1,Blocked,Female,18-24,No,White,English,Some high school,32186
R_t0dR8Ic9QvZafgR,Jay / Magpie,Oriole,Sparrow,Sparrow,Finch,Sparrow,3,3,4,3,3,3,4,4,3,2,2,3,3,3,5,2,3,3,5,3,4,2,2,3,5,2,2,3,5,2,2,5,4,3,5,3,Blocked,Female,18-24,No,White,English,High school diploma,32218
R_2wSMIXbCc9UDWhh,Oriole,Finch,Wood Warbler,Tyrant flycatcher,Finch,Sparrow,4,3,5,4,2,1,1,1,4,2,1,3,4,2,4,4,3,2,4,3,5,2,1,4,1,6,6,5,2,6,5,1,2,3,4,3,Interleaved,Female,18-24,No,White,English,Some college,32392
R_3n1qcwJulvFGPAj,Jay / Magpie,Oriole,Wood Warbler,Tyrant flycatcher,Finch,Sparrow,3,2,1,3,5,5,5,5,4,5,5,5,5,6,6,5,2,2,1,2,2,1,2,2,6,1,1,1,6,1,1,6,3,1,6,2,Blocked,Female,18-24,No,White,English,High school diploma,32448
R_22A1wnqCFxgSveF,Oriole,Finch,Sparrow,Sparrow,Finch,Sparrow,1,2,1,4,4,4,3,3,3,4,5,3,1,2,1,5,1,1,1,1,1,1,2,1,6,1,1,1,6,1,1,6,2,1,5,2,Blocked,Female,18-24,No,White,English,Some college,32313
R_5bPOIBujG40cikN,Oriole,Oriole,Sparrow,Tyrant flycatcher,Finch,Sparrow,2,3,1,4,3,3,5,4,3,3,3,3,2,2,1,4,4,3,5,4,3,3,3,3,6,1,3,1,6,4,5,6,6,1,6,5,Blocked,Female,18-24,No,Black,English,Some college,32089
R_334pucNSOrO7mSd,Oriole,Finch,Sparrow,Tyrant flycatcher,Finch,Wood Warbler,3,3,3,4,5,4,3,3,5,2,5,2,4,5,5,6,5,3,3,4,3,5,3,4,5,5,5,3,1,6,2,5,2,2,6,5,Interleaved,Female,18-24,No,White,English,High school diploma,32240
R_2YrhphMZdHs5prE,Jay / Magpie,Finch,Wood Warbler,Sparrow,Finch,Sparrow,4,5,4,5,4,3,4,5,4,4,5,5,5,5,5,5,2,1,1,2,4,2,4,1,6,1,1,1,6,1,2,6,4,1,5,1,Blocked,Female,18-24,No,Asian,English and Urdu,Some college,32440
R_aeHbDPmMcMfYOzv,Jay / Magpie,Oriole,Wood Warbler,Tyrant flycatcher,Finch,Sparrow,4,4,1,6,4,4,3,3,1,1,1,1,5,6,1,6,4,5,4,4,1,1,1,1,1,1,1,1,1,1,6,1,3,3,6,1,Blocked,Male,18-24,No,White,English,Some college,31832
R_1NfDQ23DRbjLBhz,Oriole,Oriole,Sparrow,Sparrow,Finch,Sparrow,3,3,3,5,5,5,5,5,4,4,4,3,3,2,3,5,4,4,3,4,2,4,3,3,5,2,2,2,5,2,2,5,4,4,4,2,Blocked,Male,18-24,Yes,White,English,Some college,32350
R_1E5W5HvE7x2GDpc,Oriole,Finch,Tyrant flycatcher,Tyrant flycatcher,Finch,Sparrow,2,2,1,5,5,5,5,5,4,4,5,4,2,3,3,4,5,5,4,4,2,4,4,2,5,4,2,1,6,3,2,5,2,2,5,3,Interleaved,Female,18-24,No,White,English,Some college,32112
R_10pgJF7wwH1admS,Finch,Oriole,Wood Warbler,Sparrow,Finch,Sparrow,3,3,2,4,4,4,4,4,4,4,5,4,4,4,6,5,3,2,4,3,2,2,4,3,5,2,1,2,5,1,1,5,2,2,4,3,Blocked,Male,18-24,No,Asian and White,English,High school diploma,32298
R_27e7lD1daOfMysX,Finch,Oriole,Wood Warbler,Sparrow,Finch,Sparrow,2,2,2,6,2,1,1,1,3,6,1,5,2,2,5,6,2,2,1,2,3,1,1,1,6,2,1,1,6,1,1,6,2,1,6,1,Blocked,Female,18-24,No,White,English,High school diploma,32394
R_8Agmr1PO3wWbjBD,Oriole,Oriole,Sparrow,Sparrow,Finch,Sparrow,2,2,2,3,4,4,4,4,4,3,3,3,1,2,3,6,4,2,2,2,2,2,2,3,5,2,2,2,2,5,5,2,2,3,2,5,Interleaved,Female,18-24,Yes,DTS,Spanish,High school diploma,32413
R_eQavAqnoPYMTh6N,Finch,Oriole,Wood Warbler,Tyrant flycatcher,Finch,Sparrow,5,4,1,5,3,2,3,3,1,2,5,2,2,4,3,2,3,2,2,3,1,1,5,1,6,1,3,1,6,2,6,6,2,3,4,2,Blocked,Female,18-24,Yes,DTS,English and Spanish,Some college,32297
R_2X4mREauzqcgrqX,Finch,Oriole,Tyrant flycatcher,Sparrow,Finch,Sparrow,2,2,3,5,4,4,4,4,6,5,4,4,2,3,4,6,3,3,1,2,4,2,2,1,6,1,1,1,6,1,1,6,1,1,6,1,Blocked,Female,18-24,No,White,English,Some college,32449
R_AnCKfWEmJCngAa5,Jay / Magpie,Oriole,Sparrow,Tyrant flycatcher,Finch,Sparrow,3,3,3,2,4,4,4,4,4,4,6,4,3,3,3,5,2,2,3,2,1,2,3,2,6,1,1,1,6,1,1,6,1,1,6,1,Blocked,Female,18-24,DTS,White,English,High school diploma,32202
R_3lsErFkYnGTB3VO,Finch,Oriole,Sparrow,Tyrant flycatcher,Finch,Wood Warbler,2,1,1,2,5,5,6,5,4,1,1,4,4,6,6,6,1,1,1,1,5,1,2,2,6,1,1,1,6,1,1,6,5,5,1,3,Blocked,Non-Binary,18-24,No,"Asian, White, and Black",English,High school diploma,32450
R_86sAm12feypMWjv,Oriole,Oriole,Wood Warbler,Tyrant flycatcher,Finch,Sparrow,5,5,2,5,3,3,3,3,1,1,1,1,3,3,2,5,4,4,4,4,1,1,1,2,2,5,5,5,2,5,5,2,3,3,4,3,Interleaved,Female,18-24,DTS,White,English,Some college,32294
R_vrgt7kpKYVCsm77,Oriole,Oriole,Tyrant flycatcher,Sparrow,Finch,Sparrow,4,2,1,6,4,4,4,4,2,2,3,2,1,2,1,2,5,5,6,5,2,2,3,4,1,5,6,2,5,6,6,1,2,1,5,5,Interleaved,Female,18-24,No,Asian and White,English,High school diploma,32098
R_2YVCbMPpdTiefKd,Finch,Finch,Wood Warbler,Tyrant flycatcher,Finch,Tyrant flycatcher,3,3,2,4,4,4,5,5,4,4,4,4,5,4,6,6,2,1,2,2,2,3,3,1,5,1,2,2,5,2,2,5,3,2,5,3,Blocked,Female,18-24,DTS,White,English ,High school diploma,32307
R_2AHyNuKDPmV8dBk,Finch,Oriole,Wood Warbler,Sparrow,Finch,Sparrow,2,1,1,6,3,3,3,2,4,4,6,2,3,1,1,6,4,4,3,2,4,4,6,2,6,1,1,1,6,1,1,6,5,2,6,1,Blocked,Female,18-24,No,White,English,High school diploma,32452
R_bvbS6GvI1Me8QYV,Finch,Finch,Sparrow,Sparrow,Finch,Sparrow,4,4,2,5,2,2,3,3,2,1,1,2,4,5,3,3,2,2,2,2,3,1,1,2,5,2,2,2,2,2,3,5,3,3,5,3,Blocked,Female,18-24,No,White,English,Some college,32224
R_D6U1dY3Pe0Dw4kp,Jay / Magpie,Oriole,Wood Warbler,Tyrant flycatcher,Finch,Sparrow,5,2,1,6,4,3,2,2,1,1,2,1,5,3,1,6,3,3,2,1,1,1,1,2,1,2,6,2,4,6,6,1,1,3,6,2,Interleaved,Female,18-24,No,White,English,High school diploma,32308
R_1ONAqgleY2wAFdE,Oriole,Oriole,Sparrow,Sparrow,Finch,Sparrow,4,2,2,4,5,5,5,5,4,5,5,5,5,5,6,6,2,2,1,2,3,2,3,2,6,2,1,2,5,1,1,6,4,3,5,1,Blocked,Female,18-24,No,White,English,High school diploma,32093
R_2v1EkXagW0sMyl2,Oriole,Oriole,Wood Warbler,Tyrant flycatcher,Finch,Sparrow,3,3,2,4,5,5,5,4,5,1,1,3,4,4,4,5,4,5,3,4,2,1,1,3,6,6,6,5,6,6,1,6,1,1,6,1,Interleaved,Female,18-24,No,White,English,Some college,31860
R_2ZEzzhsst8xWvrc,Jay / Magpie,Oriole,Sparrow,Tyrant flycatcher,Finch,Sparrow,1,2,2,5,2,2,2,2,2,4,4,3,2,5,4,6,2,2,2,2,4,2,3,1,5,3,3,3,5,3,2,4,3,3,4,3,Blocked,Female,18-24,No,White,English,High school diploma,32405
R_29uevAMYnFSxSGq,Finch,Oriole,Sparrow,Sparrow,Jay / Magpie,Tyrant flycatcher,1,1,1,5,4,4,4,4,5,4,4,4,1,1,1,5,4,4,4,4,2,1,2,2,5,2,2,2,4,3,3,4,3,2,5,2,Blocked,Female,18-24,No,White,English,Some college,32280
R_3Nxj0ARTSYbNMI6,Jay / Magpie,Oriole,Wood Warbler,Tyrant flycatcher,Finch,Sparrow,2,2,2,3,4,3,4,4,3,5,6,3,2,2,2,3,3,3,3,2,4,3,6,2,4,2,2,3,5,2,2,5,3,3,4,3,Blocked,Female,18-24,No,Asian,English,Some college,32138
R_3gXgXjQC4vj5P2O,Oriole,Oriole,Wood Warbler,Sparrow,Finch,Wood Warbler,2,2,2,5,3,3,3,2,4,3,6,2,2,2,3,4,4,4,3,3,2,4,5,3,5,4,4,3,6,4,5,3,2,5,4,4,Interleaved,Female,18-24,No,White,English,Some college,31847
R_2tt08b1VKuVE0iG,Jay / Magpie,Oriole,Wood Warbler,Sparrow,Finch,Sparrow,2,2,1,6,4,4,5,5,2,2,2,4,2,2,1,6,4,4,5,4,2,1,2,4,6,1,1,1,6,1,1,6,2,1,6,1,Blocked,Female,18-24,No,Asian,English,High school diploma,31970
R_1ifyqXnu0L8Zzx6,Oriole,Oriole,Tyrant flycatcher,Sparrow,Finch,Sparrow,2,2,2,4,6,5,6,5,4,5,6,5,2,3,1,5,5,4,4,4,2,5,6,5,6,1,1,2,6,1,1,6,5,2,5,2,Blocked,Female,18-24,No,American Indian or Alaska Native and White,English,Some college,32145
R_3ktgTOqMgmhSE5I,Oriole,Oriole,Wood Warbler,Tyrant flycatcher,Finch,Sparrow,1,2,2,4,3,4,4,3,4,5,6,5,1,2,2,2,4,4,3,3,3,4,5,5,5,1,1,1,6,1,1,6,1,1,6,1,Blocked,Female,18-24,No,White,English,High school diploma,32252
R_RLhHgZzfq5jtPJn,Jay / Magpie,Oriole,Tyrant flycatcher,Tyrant flycatcher,Finch,Wood Warbler,2,1,2,4,3,3,4,4,2,4,4,4,4,2,4,5,2,2,1,1,1,2,2,3,5,1,1,2,5,1,3,6,2,3,3,3,Blocked,Female,18-24,No,White,English,High school diploma,32222
R_2QtxvhOv04coN2g,Finch,Oriole,Wood Warbler,Tyrant flycatcher,Finch,Sparrow,3,3,3,3,5,5,5,5,4,6,6,5,4,5,3,3,4,4,4,3,2,1,5,1,6,1,1,1,6,1,1,6,1,1,6,1,Blocked,Female,18-24,No,Asian,Chinese,Some college,31795
R_2V8aL9MqiyEvNj9,Finch,Oriole,Sparrow,Sparrow,Finch,Sparrow,3,3,3,3,4,4,4,4,3,4,4,4,4,2,4,3,2,3,2,3,3,2,3,1,6,2,2,2,5,2,2,5,3,2,5,2,Blocked,Female,18-24,No,White,English,Some college,32023
R_2YArBq90KLd1z1u,Finch,Oriole,Sparrow,Sparrow,Finch,Wood Warbler,1,1,1,6,4,4,4,4,4,4,4,4,2,1,1,6,5,5,5,4,1,1,2,3,5,5,5,3,6,5,5,5,2,2,5,2,Interleaved,Female,18-24,No,White,English,High school diploma,32125
R_1Ivov9DYWEjBjyD,Finch,Oriole,Tyrant flycatcher,Sparrow,Finch,Sparrow,2,3,2,4,5,5,6,4,6,6,6,6,5,4,4,6,2,1,2,1,3,3,3,1,6,2,1,1,6,1,1,6,1,1,6,1,Blocked,Female,18-24,No,White,English,Some college,32151
R_3x7wnwNa7qmforv,Oriole,Oriole,Sparrow,Sparrow,Finch,Sparrow,1,1,1,4,4,4,5,5,3,4,5,4,1,1,1,5,4,4,3,4,1,2,2,3,6,1,1,2,6,1,1,6,1,1,6,1,Blocked,Female,18-24,No,White,English,High school diploma,32106
R_2xJhNMMfzqj8joi,Finch,Oriole,Wood Warbler,Tyrant flycatcher,Finch,Sparrow,3,3,2,6,1,2,1,1,1,3,4,2,2,4,3,6,1,1,1,1,3,3,4,3,3,1,1,2,5,3,1,5,3,3,4,1,Blocked,Female,18-24,No,White,English,Some college,31853
R_A56j2l2gtGw6LN7,Finch,Finch,Sparrow,Sparrow,Finch,Tyrant flycatcher,1,1,1,6,4,3,5,4,2,3,3,2,1,1,2,5,4,4,4,4,2,2,3,2,5,5,5,3,5,5,5,2,3,4,3,3,Interleaved,Female,18-24,No,Black,English,High school diploma,32110
R_1F9u8ouTDkYCUTg,Finch,Finch,Tyrant flycatcher,Tyrant flycatcher,Finch,Sparrow,2,2,2,4,3,3,3,3,2,3,4,3,2,2,2,5,2,2,3,2,2,2,3,2,4,2,2,3,5,2,1,6,3,3,4,3,Blocked,Female,18-24,No,White,English,Some college,31739
R_1pJQ01jz8NM4dnw,Finch,Oriole,Wood Warbler,Tyrant flycatcher,Finch,Sparrow,2,2,3,5,4,4,4,4,4,5,5,4,1,1,2,5,3,2,3,2,1,2,3,2,5,1,1,1,6,1,1,6,1,1,6,1,Blocked,Male,18-24,No,White,English and Russian,High school diploma,32439
R_2s6L5Vwpoor3uEF,Oriole,Oriole,Wood Warbler,Sparrow,Finch,Sparrow,4,4,4,5,2,2,1,1,2,1,1,2,4,3,3,5,2,2,1,2,2,1,1,2,1,2,3,3,5,3,3,5,3,3,3,3,Blocked,Female,18-24,No,Asian,English and Chinese,Some college,31829
R_vPNlTIbn7vNd0id,Finch,Finch,Tyrant flycatcher,Tyrant flycatcher,Finch,Wood Warbler,2,2,1,2,4,4,3,4,3,4,3,4,2,2,3,2,3,4,3,3,3,2,2,3,4,2,2,3,5,2,2,4,3,3,4,3,Blocked,Male,18-24,No,White,English,Some college,32296
R_27Hbps9NtMNoEpC,Finch,Oriole,Wood Warbler,Tyrant flycatcher,Finch,Tyrant flycatcher,2,1,1,4,5,6,5,4,5,4,6,6,3,2,1,4,5,4,3,3,2,1,3,1,5,2,1,3,4,3,6,4,1,1,5,1,Blocked,Female,18-24,No,White,English,High school diploma,32340
R_3lulvMOAmYU9hbp,Jay / Magpie,Oriole,Wood Warbler,Tyrant flycatcher,Finch,Sparrow,2,2,3,5,4,4,3,3,3,4,5,4,4,2,4,6,3,3,2,2,3,3,4,2,6,1,1,1,6,1,1,6,1,1,6,1,Blocked,Female,18-24,No,White,English,Some college,32451
R_111pZJGGWsoa6i7,Finch,Finch,Wood Warbler,Tyrant flycatcher,Finch,Sparrow,1,1,1,3,5,5,4,4,6,5,6,5,4,2,3,6,4,5,4,4,2,3,4,3,6,1,1,2,5,1,1,5,2,2,5,1,Blocked,Female,18-24,No,White,English,Some college,32103
R_1CHoabvdFOVKBS0,Jay / Magpie,Oriole,Sparrow,Tyrant flycatcher,Finch,Sparrow,1,3,3,3,4,4,4,4,5,5,5,5,1,3,5,5,3,2,2,2,1,1,1,2,5,2,1,1,6,1,3,5,2,2,5,1,Blocked,Female,18-24,No,White,English,Some college,32109
R_3n0FUvN16liHX9u,Finch,Oriole,Wood Warbler,Sparrow,Finch,Sparrow,3,3,2,5,3,2,2,1,5,4,5,3,5,5,2,6,3,1,3,3,5,4,4,1,6,1,1,2,5,1,1,6,3,3,4,1,Blocked,Female,18-24,No,White,English,High school diploma,32388
R_sU0qRR0je6h9iWl,Jay / Magpie,Oriole,Wood Warbler,Tyrant flycatcher,Finch,Sparrow,3,3,2,4,5,5,5,4,2,3,5,4,4,5,2,5,4,4,2,4,1,2,3,2,5,2,2,2,5,2,6,4,4,3,4,3,Blocked,Female,18-24,No,Asian,English and Hindi,High school diploma,32069
R_TuW9QusRNDYv76V,Finch,Finch,Wood Warbler,Sparrow,Finch,Sparrow,4,4,1,5,4,4,3,3,2,2,2,2,4,4,1,5,4,4,3,4,1,2,2,3,5,2,2,2,5,2,2,5,3,3,5,3,Blocked,Female,18-24,No,White,English,High school diploma,32442
R_2cwJo8rEo0D8z6M,Jay / Magpie,Oriole,Tyrant flycatcher,Sparrow,Finch,Sparrow,4,4,3,4,3,3,2,2,3,3,5,3,3,4,3,4,3,3,3,2,3,2,4,3,5,4,3,2,4,3,3,3,2,2,4,3,Blocked,Female,18-24,No,White,English,High school diploma,32105
R_2Pby3L9jiuRkUyi,Finch,Finch,Wood Warbler,Tyrant flycatcher,Jay / Magpie,Wood Warbler,3,2,2,2,5,5,6,5,4,4,4,4,4,5,6,3,2,3,1,4,2,1,1,3,6,1,2,2,6,1,1,6,3,3,4,3,Blocked,Female,18-24,No,Asian,English and Urdu,High school diploma,32111
R_22E1sXAeklyehI9,Jay / Magpie,Oriole,Tyrant flycatcher,Tyrant flycatcher,Finch,Sparrow,6,5,3,6,4,4,4,3,1,1,1,2,4,2,2,5,4,4,5,4,1,1,1,2,6,5,6,4,1,5,5,1,4,2,5,2,Interleaved,Female,18-24,No,Asian,English and Korean,High school diploma,32434
R_24GJZAc3AmzwOY8,Finch,Oriole,Wood Warbler,Tyrant flycatcher,Finch,Wood Warbler,2,2,2,2,5,4,5,5,4,2,2,4,5,5,2,5,6,4,3,4,4,2,1,1,6,6,6,6,6,5,1,6,1,2,5,3,Interleaved,Female,18-24,No,Asian,English and Hindi,Some college,31997
R_OMV6UbcB621qARb,Jay / Magpie,Finch,Sparrow,Tyrant flycatcher,Finch,Sparrow,3,2,2,6,2,3,2,3,2,2,5,2,3,1,2,5,4,3,3,3,3,4,5,2,5,1,2,3,5,1,3,4,4,2,4,1,Blocked,Female,18-24,No,Asian,English and Korean,Some college,31762
R_1kIbxUk0KZA77T2,Oriole,Finch,Sparrow,Tyrant flycatcher,Finch,Sparrow,1,1,1,2,2,2,3,2,1,2,2,4,1,1,1,3,4,3,2,2,1,4,4,4,6,1,1,1,6,1,3,6,5,1,6,1,Blocked,Female,18-24,No,White,English,High school diploma,32169
R_3g1R8BT3U8vnYjL,Finch,Oriole,Tyrant flycatcher,Tyrant flycatcher,Finch,Sparrow,4,3,3,5,3,3,3,2,4,4,5,4,4,3,3,5,2,2,2,3,2,5,5,3,5,1,4,3,4,4,2,5,1,1,5,2,Interleaved,Female,18-24,No,White,English,High school diploma,32277
R_239PTNoMSejkJY6,Finch,Oriole,Sparrow,Sparrow,Finch,Wood Warbler,2,2,1,3,5,4,5,5,6,6,6,6,4,6,5,6,2,1,1,3,3,1,2,1,6,1,1,1,6,1,1,6,1,1,5,1,Blocked,Female,18-24,No,Asian,English,High school diploma,31824
R_3M6blswLo81YY4z,Finch,Oriole,Sparrow,Tyrant flycatcher,Finch,Sparrow,4,2,2,5,2,2,2,2,5,6,6,3,4,2,1,5,4,2,3,2,6,6,6,3,6,6,6,6,6,6,6,6,2,3,4,3,Interleaved,Female,18-24,No,White,English,Some college,32443
R_24raFfDikKOGKAy,Finch,Oriole,Sparrow,Tyrant flycatcher,Finch,Wood Warbler,1,1,1,5,3,3,2,3,2,1,3,3,3,3,2,4,3,4,5,4,2,1,2,3,5,5,5,2,5,5,2,5,2,2,5,5,Interleaved,Female,18-24,No,White,English,High school diploma,32455
R_1rNusBuCk3XjGVh,Finch,Oriole,Sparrow,Sparrow,Oriole,Wood Warbler,3,2,3,3,4,3,4,4,4,4,5,5,4,4,3,3,2,2,2,2,2,2,2,3,5,2,2,2,5,2,2,5,2,3,4,3,Blocked,Female,18-24,No,White,English,Some college,32050
R_2pQBwckjANBiKHu,Finch,Oriole,Sparrow,Sparrow,Finch,Sparrow,2,3,1,3,3,2,2,3,2,2,3,2,2,3,2,4,3,3,3,3,2,3,2,2,2,2,2,2,5,2,5,2,4,3,5,2,Blocked,Female,18-24,No,White,English,Some college,31899
R_1IAe70mCQ4xob01,Finch,Oriole,Wood Warbler,Tyrant flycatcher,Finch,Sparrow,,,,,,,,,,,,,,,,,,,,,,,,,,,,,,,,,,,,,,,,,,,,